No,분류,분류,분류,2024년 3분기,2024년 3분기,2024년 3분기,2024년 4분기,2024년 4분기,2024년 4분기,2025년 1분기,2025년 1분기,2025년 1분기
No,분류,분류,분류,소득수익률,자본수익률,투자수익률,소득수익률,자본수익률,투자수익률,소득수익률,자본수익률,투자수익률
No,분류,분류,분류,%,%,%,%,%,%,%,%,%
1,전국,전국,전국,0.59,0.21,0.80,0.74,0.05,0.80,0.73,0.00,0.74
2,서울,서울,서울,0.32,0.91,1.24,0.49,0.83,1.32,0.48,0.73,1.21
3,서울,도심,도심,0.35,0.81,1.16,0.54,0.72,1.26,0.54,0.58,1.12
4,서울,도심,광화문,0.40,0.92,1.32,0.58,0.78,1.36,0.56,0.71,1.28
5,서울,도심,남대문,0.32,0.67,0.99,0.45,1.04,1.49,0.44,0.59,1.02
6,서울,도심,동대문,0.36,0.67,1.03,0.55,0.55,1.10,0.59,0.51,1.09
7,서울,도심,명동,0.23,0.79,1.02,0.43,0.70,1.13,0.45,0.49,0.94
8,서울,도심,방산시장,0.50,0.66,1.17,0.68,0.64,1.32,0.64,0.44,1.07
9,서울,도심,북촌,0.33,1.17,1.50,0.70,0.70,1.39,0.65,0.55,1.20
10,서울,도심,서촌,0.42,1.03,1.45,0.57,0.81,1.38,0.57,0.74,1.31
11,서울,도심,시청,0.34,0.79,1.13,0.55,0.61,1.16,0.54,0.51,1.05
12,서울,도심,을지로,0.30,0.77,1.08,0.52,0.67,1.19,0.52,0.44,0.96
13,서울,도심,종로,0.35,0.92,1.27,0.52,0.82,1.34,0.52,0.71,1.22
14,서울,도심,충무로,0.36,0.76,1.12,0.54,0.64,1.18,0.54,0.58,1.12
15,서울,강남,강남,0.16,1.76,1.91,0.34,1.49,1.82,0.33,1.15,1.49
16,서울,강남,강남대로,0.04,2.03,2.07,0.27,1.53,1.79,0.21,1.87,2.09
17,서울,강남,교대역,0.01,1.65,1.66,0.22,1.17,1.39,0.22,1.47,1.69
18,서울,강남,남부터미널,0.20,1.37,1.57,0.36,0.98,1.34,0.35,0.91,1.27
19,서울,강남,논현역,0.29,1.21,1.49,0.41,1.28,1.69,0.42,1.15,1.57
20,서울,강남,도산대로,0.03,2.04,2.07,0.24,1.54,1.78,0.26,1.34,1.60
21,서울,강남,신사역,0.20,1.22,1.42,0.38,1.46,1.85,0.37,1.22,1.59
22,서울,강남,압구정,0.18,1.90,2.08,0.31,1.50,1.81,0.31,0.54,0.85
23,서울,강남,청담,0.15,2.12,2.27,0.29,1.93,2.22,0.30,1.08,1.39
24,서울,강남,테헤란로,0.25,1.93,2.18,0.46,1.56,2.03,0.46,0.96,1.42
25,서울,영등포신촌,영등포신촌,0.30,0.86,1.16,0.47,0.68,1.15,0.46,0.60,1.07
26,서울,영등포신촌,공덕역,0.43,1.00,1.43,0.63,0.86,1.48,0.62,0.81,1.43
27,서울,영등포신촌,당산역,0.33,0.80,1.12,0.49,0.64,1.12,0.48,0.69,1.17
28,서울,영등포신촌,동교/연남,0.47,0.84,1.30,0.57,0.68,1.25,0.56,0.63,1.19
29,서울,영등포신촌,망원역,0.35,1.05,1.40,0.46,0.73,1.19,0.43,0.64,1.07
30,서울,영등포신촌,신촌/이대,0.15,0.37,0.52,0.34,0.27,0.60,0.34,0.48,0.83
31,서울,영등포신촌,영등포역,0.26,0.72,0.98,0.41,0.70,1.11,0.42,0.74,1.16
32,서울,영등포신촌,홍대/합정,0.25,0.98,1.22,0.45,0.69,1.14,0.45,0.39,0.83
33,서울,기타,기타,0.35,0.76,1.10,0.50,0.74,1.24,0.49,0.69,1.18
34,서울,기타,가락시장,0.00,0.69,0.69,0.25,0.52,0.77,0.26,0.43,0.69
35,서울,기타,건대입구,0.37,0.49,0.86,0.49,0.35,0.84,0.45,0.33,0.78
36,서울,기타,경희대,0.34,0.63,0.97,0.46,0.49,0.96,0.46,0.45,0.91
37,서울,기타,군자,0.26,0.49,0.75,0.35,0.46,0.81,0.35,0.40,0.75
38,서울,기타,까치산역,0.38,0.27,0.65,0.56,0.12,0.69,0.56,-0.02,0.53
39,서울,기타,노량진,0.22,0.82,1.05,0.40,0.66,1.06,0.38,0.47,0.85
40,서울,기타,독산/시흥,0.47,0.37,0.84,0.64,0.04,0.68,0.64,0.19,0.83
41,서울,기타,뚝섬,0.27,1.72,1.99,0.35,1.70,2.05,0.36,2.01,2.37
42,서울,기타,목동,0.43,0.90,1.33,0.61,0.82,1.43,0.60,0.88,1.48
43,서울,기타,미아사거리,0.49,0.71,1.20,0.64,0.61,1.25,0.58,0.50,1.08
44,서울,기타,불광역,0.30,0.68,0.98,0.38,0.51,0.89,0.38,0.43,0.81
45,서울,기타,사당,0.37,1.13,1.50,0.52,1.00,1.52,0.51,0.72,1.23
46,서울,기타,상계역,0.45,0.31,0.75,0.58,0.22,0.80,0.51,0.14,0.65
47,서울,기타,상봉역,0.55,0.27,0.82,0.69,0.11,0.80,0.68,0.06,0.74
48,서울,기타,서울대입구역,0.65,0.32,0.97,0.83,0.19,1.01,0.82,0.07,0.89
49,서울,기타,성신여대,0.63,0.71,1.33,0.78,0.67,1.45,0.77,0.45,1.22
50,서울,기타,수유,0.37,0.41,0.79,0.52,0.30,0.82,0.51,0.27,0.78
51,서울,기타,숙명여대,0.26,0.74,1.00,0.41,1.40,1.81,0.40,1.06,1.47
52,서울,기타,신림역,0.57,0.35,0.92,0.72,0.28,0.99,0.72,0.21,0.93
53,서울,기타,약수역,0.50,0.63,1.13,0.67,0.92,1.59,0.65,0.59,1.24
54,서울,기타,연신내,0.55,0.87,1.42,0.71,0.91,1.61,0.68,0.72,1.40
55,서울,기타,오류동역,0.44,0.08,0.51,0.62,-0.00,0.62,0.59,0.00,0.60
56,서울,기타,왕십리,0.22,0.48,0.70,0.33,0.44,0.76,0.32,0.44,0.76
57,서울,기타,용산역,0.14,0.85,0.99,0.32,1.28,1.59,0.31,1.57,1.88
58,서울,기타,이태원,0.33,1.02,1.35,0.46,1.07,1.54,0.49,1.08,1.57
59,서울,기타,잠실/송파,0.14,0.66,0.81,0.34,0.62,0.96,0.33,0.60,0.93
60,서울,기타,잠실새내역,0.14,0.91,1.05,0.29,0.85,1.15,0.27,0.77,1.04
61,서울,기타,장안동,0.33,0.72,1.05,0.50,0.54,1.04,0.50,0.48,0.98
62,서울,기타,천호,0.23,0.82,1.05,0.47,1.04,1.51,0.46,0.77,1.23
63,서울,기타,청량리,0.33,0.80,1.14,0.47,0.81,1.28,0.47,0.75,1.22
64,서울,기타,혜화동,0.56,1.36,1.92,0.72,1.27,1.99,0.70,1.21,1.92
65,서울,기타,화곡,0.34,0.37,0.70,0.52,0.21,0.73,0.52,0.16,0.68
66,부산,부산,부산,0.45,0.22,0.67,0.61,0.05,0.66,0.60,-0.06,0.54
67,부산,개금역,개금역,0.58,0.73,1.31,0.71,0.42,1.12,0.69,0.22,0.92
68,부산,경성대/부경대,경성대/부경대,0.58,0.48,1.06,0.74,0.47,1.21,0.75,0.30,1.05
69,부산,광안리,광안리,0.34,0.71,1.06,0.47,0.63,1.10,0.47,0.52,0.99
70,부산,구서동/금정구청,구서동/금정구청,0.65,-0.07,0.58,0.81,-0.08,0.74,0.77,-0.11,0.66
71,부산,남포동,남포동,0.46,0.02,0.48,0.70,-0.40,0.30,0.69,-0.27,0.41
72,부산,남항동,남항동,0.45,-0.22,0.24,0.60,-0.37,0.22,0.59,-0.38,0.21
73,부산,덕천역,덕천역,0.17,-0.31,-0.14,0.30,-0.07,0.24,0.25,-0.08,0.17
74,부산,동래역,동래역,0.40,-0.11,0.29,0.57,-0.13,0.44,0.57,-0.24,0.33
75,부산,부산대학앞,부산대학앞,0.27,-0.08,0.19,0.38,-0.10,0.27,0.35,-0.26,0.09
76,부산,부산역,부산역,0.58,0.39,0.97,0.76,-0.05,0.72,0.76,-0.16,0.60
77,부산,부전시장,부전시장,0.50,0.77,1.27,0.65,0.54,1.19,0.63,-0.13,0.51
78,부산,사상역,사상역,0.55,-0.08,0.47,0.69,-0.24,0.45,0.69,-0.29,0.40
79,부산,사직야구장,사직야구장,0.52,-0.12,0.40,0.68,-0.19,0.49,0.67,-0.20,0.48
80,부산,서면/전포,서면/전포,0.48,0.69,1.17,0.65,0.25,0.90,0.65,0.06,0.72
81,부산,송정해수욕장,송정해수욕장,0.33,0.54,0.87,0.49,0.37,0.86,0.47,0.25,0.72
82,부산,수영역,수영역,0.63,0.77,1.40,0.78,0.36,1.13,0.77,0.00,0.77
83,부산,연산로터리,연산로터리,0.43,-0.01,0.43,0.60,-0.18,0.42,0.60,-0.05,0.55
84,부산,온천장,온천장,0.39,-0.01,0.38,0.55,0.06,0.62,0.55,-0.37,0.18
85,부산,하단역,하단역,0.61,-0.11,0.50,0.75,-0.13,0.63,0.75,-0.13,0.62
86,부산,해운대,해운대,0.45,0.60,1.06,0.61,0.33,0.94,0.59,0.34,0.93
87,부산,현대백화점주변,현대백화점주변,0.56,0.48,1.04,0.76,-0.16,0.60,0.75,-0.02,0.73
88,대구,대구,대구,0.52,0.28,0.79,0.66,0.06,0.72,0.66,-0.19,0.47
89,대구,경북대북문,경북대북문,0.81,0.12,0.93,0.89,0.05,0.94,0.90,-0.47,0.43
90,대구,동대구,동대구,0.36,0.16,0.52,0.47,0.06,0.53,0.55,0.02,0.57
91,대구,동성로중심,동성로중심,0.54,0.27,0.81,0.70,0.09,0.79,0.67,-0.08,0.59
92,대구,두류감삼역,두류감삼역,0.53,0.18,0.71,0.67,-0.01,0.66,0.69,-0.24,0.45
93,대구,들안길,들안길,0.30,0.48,0.78,0.46,0.32,0.78,0.46,-0.06,0.40
94,대구,삼덕/대봉,삼덕/대봉,0.68,0.14,0.82,0.75,-0.04,0.71,0.80,-0.18,0.62
95,대구,상인/월배,상인/월배,0.71,0.19,0.90,0.89,-0.14,0.76,0.89,-0.57,0.31
96,대구,서문시장/청라언덕,서문시장/청라언덕,0.34,0.31,0.65,0.59,-0.01,0.57,0.58,-0.22,0.36
97,대구,수성범어,수성범어,0.35,0.73,1.08,0.48,0.35,0.83,0.45,-0.04,0.41
98,대구,시지지구,시지지구,0.28,0.52,0.80,0.48,0.50,0.98,0.48,-0.13,0.35
99,대구,월촌/안지랑,월촌/안지랑,0.55,0.10,0.64,0.69,-0.03,0.66,0.66,-0.40,0.26
100,대구,죽전역,죽전역,0.49,0.15,0.65,0.62,-0.24,0.38,0.61,-0.26,0.35
101,대구,칠곡,칠곡,0.44,0.11,0.55,0.62,0.04,0.66,0.65,-0.04,0.62
102,인천,인천,인천,0.66,0.14,0.80,0.83,-0.17,0.65,0.79,-0.36,0.43
103,인천,간석오거리,간석오거리,0.51,0.13,0.64,0.64,-0.25,0.39,0.66,-0.32,0.34
104,인천,검단사거리완정역,검단사거리완정역,0.48,0.28,0.75,0.72,-0.17,0.55,0.71,-0.33,0.38
105,인천,계양계산,계양계산,0.62,-0.05,0.57,0.79,-0.22,0.57,0.79,-0.42,0.37
106,인천,구월,구월,0.57,0.20,0.77,0.45,0.07,0.52,0.25,-0.09,0.16
107,인천,부평,부평,0.74,0.09,0.83,0.92,-0.19,0.74,0.87,-0.40,0.48
108,인천,석남/가정중앙시장,석남/가정중앙시장,0.65,-0.09,0.56,0.77,-0.09,0.68,0.77,-0.50,0.27
109,인천,신포동,신포동,0.83,0.17,1.01,1.01,-0.16,0.86,0.92,-0.27,0.65
110,인천,인천서구청,인천서구청,0.77,0.03,0.80,0.93,-0.15,0.79,0.93,-0.31,0.63
111,인천,주안,주안,0.48,0.18,0.66,0.66,-0.21,0.46,0.61,-0.48,0.12
112,광주,광주,광주,0.60,0.19,0.79,0.75,0.06,0.80,0.75,-0.09,0.66
113,광주,금남로/충장로,금남로/충장로,0.48,-0.08,0.40,0.66,-0.09,0.58,0.66,-0.21,0.46
114,광주,금호지구,금호지구,1.06,0.20,1.27,1.20,0.17,1.38,1.19,-0.19,0.99
115,광주,봉선동,봉선동,0.56,0.20,0.77,0.68,0.20,0.88,0.68,0.11,0.79
116,광주,상무지구,상무지구,0.45,0.11,0.56,0.66,0.09,0.74,0.65,0.08,0.73
117,광주,송정동지구,송정동지구,0.46,0.49,0.95,0.59,0.24,0.83,0.59,0.27,0.87
118,광주,양산지구,양산지구,0.62,0.12,0.74,0.79,-0.11,0.68,0.78,-0.43,0.35
119,광주,용봉동,용봉동,0.41,0.20,0.61,0.56,-0.00,0.55,0.60,-0.12,0.48
120,광주,월산동지구,월산동지구,0.80,0.39,1.19,0.89,0.07,0.96,0.87,-0.13,0.74
121,광주,전남대,전남대,0.61,0.03,0.64,0.71,-0.09,0.62,0.71,-0.27,0.44
122,광주,첨단1지구,첨단1지구,0.61,1.04,1.64,0.78,0.77,1.55,0.77,0.42,1.19
123,대전,대전,대전,0.56,0.11,0.67,0.72,0.08,0.81,0.72,0.19,0.91
124,대전,노은,노은,0.33,0.19,0.52,0.57,0.12,0.69,0.58,0.39,0.98
125,대전,대전원도심,대전원도심,0.60,-0.03,0.57,0.80,-0.02,0.78,0.78,0.00,0.79
126,대전,복합터미널,복합터미널,0.41,-0.23,0.18,0.59,-0.26,0.33,0.58,-0.06,0.52
127,대전,서대전네거리,서대전네거리,0.81,0.00,0.81,0.96,-0.10,0.86,0.96,0.11,1.07
128,대전,용문/한민시장,용문/한민시장,0.51,-0.00,0.50,0.67,0.03,0.70,0.69,0.18,0.87
129,대전,유성온천역,유성온천역,0.42,0.64,1.07,0.55,0.57,1.12,0.56,0.70,1.26
130,울산,울산,울산,0.40,0.10,0.50,0.57,-0.02,0.55,0.56,-0.09,0.47
131,울산,삼산동,삼산동,0.31,0.28,0.59,0.49,0.14,0.63,0.49,0.05,0.54
132,울산,성남옥교동,성남옥교동,0.41,0.07,0.47,0.56,-0.13,0.43,0.56,-0.24,0.32
133,울산,신정동,신정동,0.34,0.14,0.48,0.50,0.11,0.60,0.49,0.06,0.55
134,울산,울산농소,울산농소,0.33,-0.01,0.32,0.54,-0.16,0.38,0.55,-0.26,0.29
135,울산,울산대,울산대,0.29,0.11,0.40,0.47,-0.04,0.43,0.47,-0.12,0.35
136,울산,전하동,전하동,0.57,-0.11,0.45,0.70,-0.02,0.68,0.63,-0.06,0.57
137,세종,세종,세종,0.59,-0.07,0.53,0.80,-0.19,0.61,0.80,-0.13,0.67
138,세종,조치원,조치원,0.61,-0.00,0.60,0.76,0.00,0.76,0.75,0.05,0.80
139,경기,경기,경기,0.57,0.44,1.01,0.74,0.25,0.99,0.73,0.24,0.96
140,경기,고양시청,고양시청,0.39,0.11,0.50,0.59,-0.23,0.36,0.59,-0.03,0.55
141,경기,광명철산,광명철산,0.45,0.87,1.32,0.62,0.92,1.55,0.61,0.30,0.92
142,경기,광주시가지,광주시가지,0.66,0.42,1.08,0.80,0.33,1.14,0.81,0.38,1.19
143,경기,구리역,구리역,0.57,0.31,0.88,0.71,0.33,1.04,0.69,0.23,0.92
144,경기,기흥역,기흥역,0.37,0.91,1.28,0.53,0.70,1.23,0.52,0.30,0.83
145,경기,김량장동,김량장동,0.54,0.61,1.15,0.74,0.82,1.56,0.73,0.32,1.04
146,경기,동두천중앙로,동두천중앙로,0.65,-0.03,0.62,0.78,0.09,0.87,0.75,-0.08,0.68
147,경기,모란,모란,0.59,0.55,1.14,0.79,0.53,1.32,0.75,0.26,1.01
148,경기,병점역,병점역,0.70,0.98,1.68,0.90,0.20,1.10,0.89,0.61,1.51
149,경기,부천역,부천역,0.58,0.42,1.00,0.76,0.39,1.15,0.79,0.41,1.20
150,경기,성남구시가지,성남구시가지,0.39,1.28,1.67,0.53,0.62,1.15,0.52,0.22,0.74
151,경기,수원역,수원역,0.61,0.62,1.23,0.79,0.26,1.05,0.78,0.58,1.36
152,경기,수원파장동,수원파장동,0.60,0.30,0.90,0.73,0.13,0.86,0.57,0.49,1.06
153,경기,신장/지산/서정,신장/지산/서정,0.55,-0.04,0.51,0.72,0.03,0.74,0.68,0.17,0.84
154,경기,신천역,신천역,0.28,0.08,0.36,0.45,-0.13,0.32,0.54,-0.02,0.51
155,경기,안성 서인사거리,안성 서인사거리,0.76,0.01,0.77,0.89,-0.05,0.83,0.88,0.06,0.94
156,경기,안양역,안양역,0.64,0.48,1.12,0.83,0.34,1.17,0.76,0.42,1.18
157,경기,양주덕정역,양주덕정역,0.83,0.05,0.88,1.00,-0.11,0.89,0.98,-0.12,0.87
158,경기,여주시청,여주시청,0.82,0.00,0.82,1.01,0.00,1.02,1.01,-0.32,0.69
159,경기,오산시청,오산시청,0.64,0.42,1.07,0.84,0.22,1.06,0.77,0.23,1.01
160,경기,용인수지,용인수지,0.28,0.51,0.79,0.49,0.34,0.83,0.47,0.07,0.54
161,경기,의정부역,의정부역,0.64,0.54,1.18,0.71,0.02,0.73,0.74,-0.13,0.61
162,경기,이천종합터미널,이천종합터미널,0.77,0.50,1.27,0.90,0.32,1.22,0.88,0.21,1.10
163,경기,인계동,인계동,0.24,0.63,0.87,0.45,0.49,0.94,0.44,0.32,0.76
164,경기,인덕원,인덕원,0.47,1.17,1.64,0.59,1.54,2.13,0.58,1.56,2.13
165,경기,탄현역,탄현역,0.36,0.25,0.61,0.52,-0.22,0.30,0.52,-0.19,0.33
166,경기,파주시청,파주시청,0.66,0.12,0.78,0.71,-0.25,0.46,0.72,0.03,0.75
167,경기,팔달문로터리,팔달문로터리,0.60,0.66,1.26,0.77,0.42,1.20,0.76,0.36,1.13
168,경기,평택역,평택역,0.70,0.53,1.23,0.87,0.17,1.03,0.86,0.33,1.19
169,경기,포천소흘읍,포천소흘읍,0.28,0.00,0.28,0.48,-0.04,0.44,0.48,-0.15,0.33
170,경기,포천시외버스터미널,포천시외버스터미널,0.51,0.04,0.55,0.66,-0.05,0.61,0.66,-0.11,0.55
171,경기,하남원도심,하남원도심,0.53,1.05,1.58,0.72,0.44,1.16,0.71,0.09,0.80
172,경기,화성남양읍,화성남양읍,0.53,0.50,1.02,0.71,0.12,0.83,0.70,0.17,0.87
173,경기,화성봉담읍,화성봉담읍,0.84,0.43,1.27,1.03,0.06,1.09,0.99,0.70,1.68
174,강원,강원,강원,0.83,0.05,0.88,0.98,-0.23,0.75,0.98,-0.25,0.74
175,강원,강릉교동,강릉교동,0.77,0.40,1.17,0.94,0.13,1.07,0.85,-0.02,0.83
176,강원,강릉중부,강릉중부,0.58,-0.35,0.23,0.75,-0.06,0.68,0.74,-0.15,0.58
177,강원,묵호항,묵호항,1.22,0.04,1.26,1.36,-0.33,1.03,1.35,-0.43,0.92
178,강원,삼척중앙시장,삼척중앙시장,0.71,-0.31,0.40,0.95,-0.34,0.61,0.95,-0.75,0.19
179,강원,속초중앙시장,속초중앙시장,0.87,-0.22,0.65,1.02,-0.23,0.78,1.01,-0.24,0.77
180,강원,영월경찰서,영월경찰서,0.84,0.37,1.21,1.01,-0.35,0.65,1.00,-0.42,0.59
181,강원,원주중앙/일산,원주중앙/일산,0.76,0.19,0.94,0.91,-0.19,0.71,0.99,-0.36,0.63
182,강원,주문진항,주문진항,0.91,-0.54,0.37,1.04,-0.64,0.40,1.04,-0.67,0.37
183,강원,춘천명동,춘천명동,0.72,0.28,1.00,0.88,-0.39,0.49,0.83,-0.41,0.42
184,강원,태백중앙시장,태백중앙시장,1.01,-0.37,0.65,1.04,-0.34,0.70,1.02,-0.49,0.53
185,충북,충북,충북,0.81,0.00,0.81,0.93,-0.19,0.74,0.92,-0.17,0.75
186,충북,봉명사거리,봉명사거리,0.75,0.12,0.87,0.85,0.06,0.91,0.84,0.04,0.88
187,충북,제천역,제천역,0.80,-0.07,0.74,0.93,-0.38,0.55,0.93,-0.39,0.54
188,충북,제천중앙,제천중앙,0.70,0.55,1.25,0.83,-0.45,0.38,0.82,-0.58,0.25
189,충북,증평광장로,증평광장로,0.91,0.09,1.00,0.98,0.03,1.02,1.01,-0.02,0.99
190,충북,청주성안길,청주성안길,0.77,-0.21,0.56,0.93,-0.29,0.64,0.93,-0.31,0.62
191,충북,충북대학교,충북대학교,0.73,-0.07,0.66,0.90,-0.12,0.77,0.89,-1.06,-0.17
192,충북,충주연수칠금,충주연수칠금,0.55,0.06,0.60,0.72,-0.30,0.42,0.72,-0.54,0.18
193,충북,충주자유시장,충주자유시장,0.91,-0.06,0.84,1.04,-0.08,0.96,1.07,0.07,1.14
194,충남,충남,충남,0.75,0.04,0.78,0.91,-0.06,0.85,0.89,-0.10,0.79
195,충남,공주대,공주대,0.63,0.10,0.73,0.75,0.02,0.77,0.75,0.05,0.80
196,충남,공주웅진동,공주웅진동,0.90,-0.01,0.89,1.06,-0.01,1.05,1.05,0.07,1.12
197,충남,논산시외버스터미널,논산시외버스터미널,0.84,0.03,0.87,1.02,-0.03,0.99,0.94,-0.01,0.92
198,충남,당진시청,당진시청,0.90,-0.07,0.83,1.10,-0.08,1.02,1.10,-0.15,0.95
199,충남,두정,두정,0.61,0.09,0.70,0.82,0.03,0.85,0.81,-0.01,0.81
200,충남,배방읍,배방읍,0.89,0.20,1.09,1.07,0.20,1.27,1.07,-0.03,1.04
201,충남,보령문화의전당,보령문화의전당,0.75,0.04,0.79,0.83,-0.21,0.62,0.92,-0.32,0.60
202,충남,서산터미널,서산터미널,0.78,-0.06,0.73,0.98,-0.16,0.82,0.96,-0.22,0.74
203,충남,아산온양,아산온양,0.72,0.10,0.82,0.88,0.04,0.92,0.81,-0.31,0.50
204,충남,예산시장,예산시장,0.68,0.03,0.71,0.84,-0.16,0.68,0.83,-0.16,0.67
205,충남,천안역,천안역,0.75,0.11,0.86,0.94,-0.19,0.74,0.93,0.17,1.10
206,충남,천안종합버스터미널,천안종합버스터미널,1.03,-0.17,0.86,1.16,-0.31,0.85,1.13,-0.10,1.03
207,충남,태안터미널,태안터미널,0.64,-0.11,0.53,0.80,-0.25,0.55,0.78,-0.15,0.63
208,충남,합덕버스터미널,합덕버스터미널,0.56,-0.30,0.26,0.75,-0.31,0.43,0.74,-0.01,0.73
209,전북,전북,전북,0.72,-0.19,0.53,0.87,-0.23,0.64,0.87,-0.24,0.63
210,전북,군산수송동조촌동,군산수송동조촌동,0.69,0.01,0.70,0.78,-0.07,0.71,0.78,-0.10,0.68
211,전북,군산원도심,군산원도심,0.72,-0.10,0.62,0.89,-0.21,0.68,0.88,-0.22,0.66
212,전북,김제시장,김제시장,0.83,-0.14,0.69,1.06,-0.21,0.85,1.05,-0.29,0.76
213,전북,남원광한루,남원광한루,0.69,-0.30,0.39,0.82,-0.45,0.36,0.82,-0.54,0.28
214,전북,송천동,송천동,0.66,-0.13,0.53,0.81,-0.30,0.52,0.80,-0.45,0.35
215,전북,영등부송,영등부송,0.54,-0.03,0.51,0.67,-0.08,0.59,0.66,-0.04,0.62
216,전북,익산역,익산역,0.55,-0.25,0.30,0.68,-0.30,0.39,0.68,-0.13,0.56
217,전북,전주동부,전주동부,0.89,-0.26,0.62,1.00,-0.34,0.65,0.95,-0.40,0.54
218,전북,전주서부,전주서부,0.76,-0.21,0.54,0.92,-0.27,0.66,0.95,-0.43,0.52
219,전북,전주한옥마을,전주한옥마을,0.82,-0.17,0.65,0.73,-0.21,0.52,0.94,-0.38,0.56
220,전북,정읍중심,정읍중심,0.68,-0.38,0.31,0.87,-0.43,0.44,0.87,-0.25,0.61
221,전남,전남,전남,0.68,-0.02,0.66,0.80,-0.17,0.64,0.79,-0.20,0.59
222,전남,광양읍,광양읍,0.39,0.16,0.56,0.48,-0.25,0.23,0.47,-0.37,0.10
223,전남,광양중동,광양중동,0.66,-0.04,0.62,0.68,-0.04,0.64,0.72,-0.04,0.68
224,전남,나주구시가지,나주구시가지,0.70,0.00,0.70,0.85,-0.36,0.49,0.84,-0.42,0.43
225,전남,목포구도심,목포구도심,0.76,0.11,0.86,0.92,-0.03,0.90,0.92,-0.23,0.68
226,전남,무선지구,무선지구,0.44,-0.41,0.04,0.55,-0.54,0.01,0.53,-0.57,-0.04
227,전남,순천법원,순천법원,0.51,0.08,0.59,0.55,0.16,0.71,0.54,0.13,0.67
228,전남,순천원도심,순천원도심,0.73,-0.13,0.60,0.80,-0.22,0.58,0.79,-0.38,0.41
229,전남,여수여문,여수여문,0.38,-0.06,0.32,0.54,-0.11,0.43,0.53,-0.17,0.36
230,전남,여수원도심,여수원도심,0.79,-0.16,0.63,0.91,-0.19,0.72,0.86,-0.21,0.65
231,전남,여수학동,여수학동,0.52,-0.06,0.46,0.66,-0.21,0.45,0.64,-0.22,0.42
232,전남,조례,조례,0.90,0.12,1.02,0.92,-0.04,0.87,0.90,-0.15,0.76
233,전남,하당신도심,하당신도심,0.60,0.08,0.67,0.89,-0.02,0.87,0.84,-0.04,0.80
234,경북,경북,경북,0.67,0.14,0.81,0.83,-0.06,0.77,0.82,-0.09,0.74
235,경북,가흥택지개발지구,가흥택지개발지구,0.77,0.48,1.26,0.87,0.28,1.15,0.86,0.25,1.11
236,경북,경산시청,경산시청,0.54,0.20,0.74,0.75,-0.23,0.52,0.74,-0.25,0.49
237,경북,경주도심,경주도심,0.57,0.10,0.67,0.76,-0.07,0.69,0.75,-0.01,0.74
238,경북,구미산업단지,구미산업단지,0.52,-0.05,0.47,0.68,-0.08,0.60,0.68,-0.24,0.44
239,경북,구미선주원남동,구미선주원남동,0.69,0.18,0.88,0.83,-0.05,0.79,0.82,-0.38,0.44
240,경북,구미역,구미역,0.69,0.22,0.91,0.86,-0.03,0.83,0.85,-0.19,0.66
241,경북,문경점촌흥덕,문경점촌흥덕,0.82,0.08,0.90,1.02,0.08,1.10,1.01,0.04,1.05
242,경북,상주동문동,상주동문동,0.63,0.55,1.18,0.79,0.06,0.85,0.73,-0.15,0.58
243,경북,안동구도심,안동구도심,0.76,-0.04,0.72,0.95,-0.14,0.81,0.95,-0.18,0.76
244,경북,양덕동,양덕동,0.39,-0.03,0.36,0.56,-0.21,0.35,0.55,-0.09,0.46
245,경북,영일대해수욕장,영일대해수욕장,0.74,0.06,0.80,0.91,0.01,0.91,0.88,-0.01,0.87
246,경북,영주중앙,영주중앙,0.58,0.04,0.62,0.93,-0.23,0.71,0.93,-0.25,0.68
247,경북,옥동사거리,옥동사거리,0.61,0.17,0.77,0.80,0.01,0.81,0.79,-0.02,0.77
248,경북,포항원도심,포항원도심,0.71,0.01,0.72,0.85,-0.06,0.80,0.85,-0.06,0.78
249,경북,포항중앙,포항중앙,0.60,0.10,0.70,0.73,-0.04,0.68,0.75,-0.09,0.66
250,경북,포항효자동,포항효자동,0.62,0.16,0.78,0.77,-0.17,0.60,0.74,-0.11,0.63
251,경북,황리단길,황리단길,0.99,0.26,1.25,1.12,0.09,1.20,1.09,0.05,1.13
252,경남,경남,경남,0.63,-0.26,0.37,0.78,-0.41,0.37,0.76,-0.37,0.39
253,경남,거제고현,거제고현,0.72,-1.10,-0.39,0.91,-1.35,-0.44,0.88,-1.10,-0.22
254,경남,거제옥포,거제옥포,0.49,-0.73,-0.23,0.65,-1.07,-0.42,0.62,-1.10,-0.48
255,경남,김해시청/동상시장,김해시청/동상시장,0.50,-0.13,0.37,0.67,-0.17,0.50,0.67,-0.18,0.48
256,경남,마산동서동,마산동서동,0.76,-0.45,0.31,0.95,-0.31,0.64,0.95,-0.33,0.62
257,경남,마산역버스터미널,마산역버스터미널,0.52,-0.07,0.45,0.67,-0.19,0.48,0.65,-0.29,0.36
258,경남,밀양원도심/삼문동,밀양원도심/삼문동,0.62,-0.31,0.30,0.77,-0.33,0.44,0.77,-0.35,0.42
259,경남,양산구도심,양산구도심,0.36,-0.09,0.27,0.56,-0.53,0.02,0.55,-0.20,0.35
260,경남,용원동,용원동,0.31,0.10,0.41,0.48,-0.04,0.44,0.46,-0.23,0.23
261,경남,진주중앙시장,진주중앙시장,0.70,-0.14,0.56,0.85,-0.18,0.67,0.83,-0.08,0.75
262,경남,진주하대동,진주하대동,0.74,-0.08,0.66,0.88,-0.19,0.69,0.87,0.01,0.88
263,경남,진해석동,진해석동,0.63,-0.66,-0.02,0.81,-0.86,-0.05,0.81,-0.70,0.11
264,경남,창원시청,창원시청,0.53,-0.03,0.50,0.69,-0.48,0.21,0.68,-0.64,0.05
265,경남,창원역,창원역,0.54,-0.07,0.47,0.76,-0.29,0.47,0.72,-0.53,0.19
266,경남,창원월영동,창원월영동,0.72,-0.27,0.45,0.89,-0.32,0.57,0.88,-0.35,0.53
267,경남,창원의창구청,창원의창구청,0.61,-0.34,0.27,0.75,-0.29,0.46,0.74,-0.64,0.10
268,경남,통영 강구안,통영 강구안,0.84,-0.56,0.29,1.00,-0.66,0.34,1.00,-0.70,0.30
269,경남,통영시청,통영시청,0.84,-0.50,0.34,1.00,-0.81,0.20,0.99,-1.05,-0.06
270,경남,평거동,평거동,0.68,-0.24,0.44,0.81,-0.26,0.56,0.79,-0.20,0.59
271,경남,활천동,활천동,0.48,-0.20,0.28,0.62,-0.24,0.38,0.55,-0.32,0.24
272,제주,제주,제주,0.62,-0.30,0.32,0.76,-0.46,0.29,0.74,-0.42,0.32
273,제주,광양사거리,광양사거리,0.64,-0.40,0.25,0.81,-0.47,0.34,0.78,-0.51,0.26
274,제주,노형오거리,노형오거리,0.54,-0.30,0.24,0.70,-0.35,0.35,0.67,-0.37,0.29
275,제주,서귀포도심,서귀포도심,0.49,-0.22,0.26,0.64,-0.46,0.18,0.62,-0.39,0.24
276,제주,중앙사거리,중앙사거리,0.75,-0.32,0.43,0.88,-0.47,0.41,0.84,-0.40,0.44
