,기준_년분기_코드,상권_구분_코드,상권_구분_코드_명,상권_코드,상권_코드_명,서비스_업종_코드,서비스_업종_코드_명,당월_매출_금액,당월_매출_건수,주중_매출_금액,주말_매출_금액,월요일_매출_금액,화요일_매출_금액,수요일_매출_금액,목요일_매출_금액,금요일_매출_금액,토요일_매출_금액,일요일_매출_금액,시간대_00~06_매출_금액,시간대_06~11_매출_금액,시간대_11~14_매출_금액,시간대_14~17_매출_금액,시간대_17~21_매출_금액,시간대_21~24_매출_금액,남성_매출_금액,여성_매출_금액,연령대_10_매출_금액,연령대_20_매출_금액,연령대_30_매출_금액,연령대_40_매출_금액,연령대_50_매출_금액,연령대_60_이상_매출_금액,주중_매출_건수,주말_매출_건수,월요일_매출_건수,화요일_매출_건수,수요일_매출_건수,목요일_매출_건수,금요일_매출_건수,토요일_매출_건수,일요일_매출_건수,시간대_건수~06_매출_건수,시간대_건수~11_매출_건수,시간대_건수~14_매출_건수,시간대_건수~17_매출_건수,시간대_건수~21_매출_건수,시간대_건수~24_매출_건수,남성_매출_건수,여성_매출_건수,연령대_10_매출_건수,연령대_20_매출_건수,연령대_30_매출_건수,연령대_40_매출_건수,연령대_50_매출_건수,연령대_60_이상_매출_건수
9,20243,D,발달상권,3120057,아차산역,CS300029,애완동물,5960147,7,5960147,0,0,5960147,0,0,0,0,0,0,0,0,0,5960147,0,0,5960147,0,5960147,0,0,0,0,7,0,0,7,0,0,0,0,0,0,0,0,0,7,0,0,7,0,7,0,0,0,0
74,20243,A,골목상권,3110407,도봉역 2번,CS300029,애완동물,36000000,18,36000000,0,0,24607595,11392405,0,0,0,0,0,0,0,11392405,0,24607595,4556962,31443038,0,0,0,4556962,0,31443038,18,0,0,9,9,0,0,0,0,0,0,0,9,0,9,5,13,0,0,0,5,0,13
225,20244,D,발달상권,3120236,장지역(가든파이브),CS300029,애완동물,33491705,1070,6978296,26513409,0,0,0,0,6978296,3087742,23425667,0,0,12906760,16097427,4487518,0,11383357,22108348,0,9280834,10916129,5224451,4205046,3865245,165,905,0,0,0,0,165,124,781,0,0,412,493,165,0,342,728,0,299,386,171,85,129
885,20243,D,발달상권,3120177,신논현역 1번,CS300029,애완동물,2248755,34,2248755,0,0,0,992468,387355,868932,0,0,0,0,439701,1308633,500421,0,871026,1264663,0,387355,0,41876,1706458,0,34,0,0,0,13,4,17,0,0,0,0,18,12,4,0,8,22,0,4,0,4,22,0
1459,20243,D,발달상권,3120207,선정릉역,CS300029,애완동물,177968338,310,101239063,76729275,16594644,12990757,47101969,7123964,17427729,29292062,47437213,0,10476417,20617588,53723064,57196206,35955063,77860729,100107609,0,31591845,81213180,29417778,26526288,9219247,184,126,42,24,60,16,42,25,101,0,16,41,67,119,67,135,175,0,68,117,59,58,8
2118,20243,D,발달상권,3120131,가산디지털단지,CS300029,애완동물,181540645,3051,78059101,103481544,5584525,42485548,0,0,29989028,56675731,46805813,0,0,58875102,64631826,58033717,0,92798582,88742063,191818,69422921,23972913,69252901,17788956,911136,1527,1524,392,481,0,0,654,871,653,0,0,654,1524,873,0,1439,1612,44,1089,436,1133,305,44
2119,20243,D,발달상권,3120194,언주역(차병원),CS300029,애완동물,127722518,2281,51950450,75772068,9434427,3931011,9857767,0,28727245,35181941,40590127,0,6559846,26840707,25106465,41335557,27879943,53734692,73987826,317305,38634095,45088671,34699300,5796851,3186296,588,1693,12,12,6,0,558,855,838,0,120,980,937,220,24,649,1632,11,547,815,535,247,126
3481,20243,R,전통시장,3130110,면목골목시장(면목시장),CS300029,애완동물,166162310,10394,125294576,40867734,25206540,22469973,19853915,37789723,19974425,19095711,21772023,0,12196551,39893616,52752968,59857999,1461176,46973541,119188769,0,5965213,39989020,24900245,61911679,33396153,7532,2862,1908,1204,1406,1759,1255,1305,1557,0,553,1757,3615,4319,150,3214,7180,0,753,3164,1606,2762,2109
3482,20243,A,골목상권,3110255,상봉역 4번,CS300029,애완동물,89751362,24,89751362,0,0,0,89751362,0,0,0,0,0,0,0,40751362,49000000,0,0,89751362,0,0,0,49000000,0,40751362,24,0,0,0,24,0,0,0,0,0,0,0,14,10,0,0,24,0,0,0,10,0,14
3483,20243,A,골목상권,3110416,노원초등학교,CS300029,애완동물,18093603,537,13637712,4455891,4624937,1703468,1692632,3026798,2589877,4455891,0,0,3417771,4174147,5227436,5274249,0,6063132,12030471,0,1545257,3601122,2717746,3461118,6768360,428,109,139,69,60,95,65,109,0,0,87,121,147,182,0,148,389,0,40,73,60,116,248
4167,20243,A,골목상권,3110032,수족관거리,CS300029,애완동물,58620359,1050,23008968,35611391,0,0,3627970,10692964,8688034,2195877,33415514,0,0,7446886,17280595,33892878,0,6492157,48500232,0,0,477364,0,2195877,52319148,669,381,0,0,95,192,382,286,95,0,0,382,478,190,0,381,573,0,0,95,0,190,669
4839,20243,R,전통시장,3130073,뚝도시장,CS300029,애완동물,182936797,3488,124773457,58163340,25623749,3837022,48987432,18535915,27789339,53849114,4314226,0,8880379,57855700,84538021,31662697,0,60062471,85521499,0,7671621,33157294,28806732,19701072,56247251,2349,1139,461,340,484,412,652,872,267,0,193,1139,1212,944,0,1549,1599,0,144,607,556,557,1285
4840,20243,A,골목상권,3110314,종암경찰서,CS300029,애완동물,3693085,91,3317771,375314,450376,450376,330275,1561305,525439,375314,0,0,0,1253548,1726442,713095,0,2837370,855715,0,262719,375314,450376,2604676,0,75,16,7,7,15,30,16,16,0,0,0,36,39,16,0,60,31,0,8,15,8,60,0
4841,20243,A,골목상권,3110376,수송초등학교,CS300029,애완동물,1655026,69,1655026,0,0,0,0,793033,861993,0,0,0,0,793033,861993,0,0,0,1655026,0,0,0,0,793033,861993,69,0,0,0,0,34,35,0,0,0,0,34,35,0,0,0,69,0,0,0,0,34,35
4842,20243,D,발달상권,3120178,신사역,CS300029,애완동물,95049883,818,67072335,27977548,22308693,11371062,19808089,7929260,5655231,22406935,5570613,0,15218348,28436280,33649656,15272527,2473072,33262568,60578164,201291,10178147,19620028,19375103,33336212,11129953,596,222,164,122,135,72,103,152,70,0,101,229,280,170,38,244,522,9,95,163,135,274,90
5626,20243,A,골목상권,3110397,도봉산입구,CS300029,애완동물,9749640,4,9749640,0,0,0,9749640,0,0,0,0,0,0,0,0,9749640,0,9749640,0,0,0,0,0,0,9749640,4,0,0,0,4,0,0,0,0,0,0,0,0,4,0,4,0,0,0,0,0,0,4
6238,20243,A,골목상권,3110254,오거리공원,CS300029,애완동물,10254747,257,6113941,4140806,486336,1841130,833719,2223252,729504,2264938,1875868,0,0,1945345,4245021,3821213,243168,3751737,6503010,0,1215841,2334415,2918018,2501157,1285316,159,98,14,35,28,61,21,49,49,0,0,56,90,104,7,98,159,0,35,56,76,62,28
6911,20243,A,골목상권,3110405,방학역 1번,CS300029,애완동물,118734815,3693,83673839,35060976,11446979,19115584,17868899,15706862,19535515,18888669,16172307,0,13333759,42894418,32290241,28595491,1620906,32698784,86036031,0,9095090,27629053,23263802,26790445,31956425,2706,987,489,617,523,489,588,526,461,0,366,1094,925,1190,118,1066,2627,0,283,697,748,930,1035
6912,20243,A,골목상권,3110660,등촌3동주민센터,CS300029,애완동물,67085596,2637,41849457,25236139,8295873,8343049,7407473,8568980,9234082,15007344,10228795,3142383,6222978,10822735,15633712,25385554,5878234,19228886,46048027,55547,7568359,17547628,13680515,16058772,10366093,1692,945,327,387,303,323,352,567,378,73,287,348,549,1095,285,813,1756,15,344,576,546,616,471
7544,20243,D,발달상권,3120081,노원역,CS300029,애완동물,4834533,114,3379240,1455293,641316,0,690647,1257966,789311,1455293,0,0,665982,912641,3255910,0,0,961973,3872560,0,665982,493320,937308,1085303,1652620,79,35,15,0,14,35,15,35,0,0,15,20,79,0,0,20,94,0,10,20,20,25,39
7545,20243,D,발달상권,3120108,신정네거리역,CS300029,애완동물,35066047,750,20744291,14321756,4019476,6369920,3018920,2971480,4364495,7990649,6331107,0,1405954,14706453,13700720,5252920,0,12419609,22646438,0,1198942,2967166,9394209,9951469,11554261,422,328,78,128,52,86,78,215,113,0,35,257,319,139,0,288,462,0,26,61,220,261,182
8163,20243,D,발달상권,3120055,군자역,CS300029,애완동물,80466084,7225,56443285,24022799,12884765,8705577,12756862,9269780,12826301,9373175,14649624,5190157,4408953,12146706,9236592,33245860,16237816,28441284,52024800,171419,28301761,25161356,9753053,12308116,4770379,5233,1992,1252,893,1148,816,1124,969,1023,485,383,1046,791,2912,1608,2243,4982,54,2320,2608,705,991,547
8164,20243,A,골목상권,3110422,노원역 9번,CS300029,애완동물,123238598,314,79005046,44233552,2983617,57277851,4325295,10770478,3647805,18172510,26061042,0,0,13054750,69623755,40531587,28506,100142170,23096428,0,36302261,59759764,15035911,7663336,4477326,190,124,9,46,39,47,49,58,66,0,0,96,75,133,10,134,180,0,93,106,47,19,49
8165,20243,D,발달상권,3120171,서초3동사거리,CS300029,애완동물,8301349,164,5955197,2346152,925397,955335,1878010,631447,1565008,2101194,244958,0,3048364,4278597,517134,457254,0,2748972,4681415,0,87096,653221,748483,4254100,1687488,127,37,17,33,45,10,22,32,5,0,61,66,27,10,0,54,98,0,10,16,22,82,22
8825,20243,U,관광특구,3001492,명동 남대문 북창동 다동 무교동 관광특구,CS300029,애완동물,517350319,4713,517350319,0,44458598,21528662,25821655,27006371,398535033,0,0,0,32764332,420828025,61337580,2420382,0,82929937,434420382,0,4331210,0,6560510,96751592,409707007,4713,0,1275,636,637,764,1401,0,0,0,1019,1529,2038,127,0,2675,2038,0,255,0,127,2802,1529
8826,20243,R,전통시장,3130112,사가정시장,CS300029,애완동물,4083889,213,2546425,1537464,645185,137274,816777,411822,535367,1043280,494184,0,0,157865,2127741,1798283,0,1029552,3054337,0,0,0,1434509,377502,2271878,171,42,48,7,47,27,42,21,21,0,0,14,83,116,0,69,144,0,0,0,48,21,144
9493,20243,R,전통시장,3130024,남대문시장(자유상가),CS300029,애완동물,517350319,4713,517350319,0,44458598,21528662,25821655,27006371,398535033,0,0,0,32764332,420828025,61337580,2420382,0,82929937,434420382,0,4331210,0,6560510,96751592,409707007,4713,0,1275,636,637,764,1401,0,0,0,1019,1529,2038,127,0,2675,2038,0,255,0,127,2802,1529
9494,20243,A,골목상권,3110564,홍대입구역 3번,CS300029,애완동물,2008236,5,0,2008236,0,0,0,0,0,0,2008236,0,0,0,2008236,0,0,0,2008236,0,0,0,0,2008236,0,0,5,0,0,0,0,0,0,5,0,0,0,5,0,0,0,5,0,0,0,0,5,0
9495,20243,A,골목상권,3111060,암사역 2번(서울강동초등학교),CS300029,애완동물,30726593,193,6521649,24204944,1822854,2469674,689584,1539537,0,0,24204944,0,0,235207,4244418,26246968,0,7205888,23520705,0,465068,17822280,6307826,1325712,4805707,129,64,44,42,22,21,0,0,64,0,0,22,86,85,0,75,118,0,22,32,22,32,85
10828,20243,U,관광특구,3001494,종로?청계 관광특구,CS300029,애완동물,468273720,11021,308224200,160049520,65048970,43303754,45138081,78086926,76646469,76735025,83314495,0,36650125,212651489,146311502,69787884,2872720,195611161,194733717,136098,48445561,40137883,74008898,44236092,183380349,7508,3513,1813,1094,1121,1487,1993,2001,1512,0,676,4571,3919,1709,146,5916,4237,5,853,1128,1229,2033,4903
10829,20243,R,전통시장,3130221,"남부골목시장(남부화곡시장, 남부시장)",CS300029,애완동물,168684248,11417,130285439,38398809,28579534,23476674,20587102,41745092,15897037,18127891,20270918,0,5831842,34244500,65529168,62288278,790460,58520418,110163830,0,14333682,5015033,12981116,62551767,73802650,8079,3338,2459,1318,1053,1932,1317,1581,1757,0,703,2196,3425,5005,88,3776,7641,0,702,702,1141,4216,4656
10830,20243,D,발달상권,3120156,"총신대입구역(이수, 총신대)",CS300029,애완동물,51564330,518,36395838,15168492,11406120,6924045,4383504,2226988,11455181,10105697,5062795,0,13392255,13128655,13477892,9178062,2387466,14051476,37512854,338977,3809473,7732504,8294224,10866434,20522718,377,141,103,105,71,36,62,84,57,0,80,120,112,171,35,197,321,4,30,113,98,85,188
10831,20243,D,발달상권,3120186,가로수길,CS300029,애완동물,266552824,700,152984194,113568630,6984307,74081630,42466087,27036150,2416020,38156432,75412198,0,3256909,85223081,127804730,50268104,0,81586720,184966104,0,1600184,124006235,40327298,68755590,31863517,502,198,108,124,111,88,71,87,111,0,41,205,228,226,0,228,472,0,53,135,138,255,119
11477,20243,D,발달상권,3120058,구의사거리,CS300029,애완동물,15203553,366,6359498,8844055,1461953,2112980,437825,1850285,496455,5253894,3590161,0,536810,4229766,8314860,2076431,45686,3275689,11927864,0,458383,4085095,3327466,3715798,3616811,182,184,68,39,15,45,15,100,84,0,31,92,144,91,8,68,298,0,24,91,76,68,107
11478,20243,D,발달상권,3120067,장안동사거리,CS300029,애완동물,64061003,2098,43669584,20391419,11142645,5108876,10671594,9001313,7745156,14581478,5809941,0,452236,12733670,20172659,29908441,793997,33417714,30643289,0,8009340,9205889,8096823,14574202,24174749,1499,599,389,236,300,319,255,385,214,0,6,363,667,1011,51,1050,1048,0,216,309,306,525,742
11479,20243,D,발달상권,3120096,"이화여대(이대역, 이대)",CS300029,애완동물,73500988,202,46982871,26518117,4043276,8987625,17409194,7716882,8825894,18004132,8513985,0,0,7589808,13394798,43390130,9126252,46110679,27390309,23104,16126897,34610446,11621531,11061249,57761,122,80,6,18,45,18,35,51,29,0,0,30,30,130,12,139,63,6,46,97,29,18,6
11480,20243,R,전통시장,3130213,방신전통시장,CS300029,애완동물,15401031,852,11046079,4354952,2112314,1523477,2613399,2664909,2131980,2459976,1894976,0,972021,4127400,5351343,4950267,0,5123577,9637918,0,569049,236541,1867778,3287647,8800482,624,228,123,92,134,142,133,100,128,0,62,192,314,284,0,297,544,0,28,20,93,212,488
12165,20243,D,발달상권,3120185,논현역,CS300029,애완동물,26116325,129,9219301,16897024,3036901,0,0,6182400,0,13986662,2910362,5389490,0,9600030,7170459,3922662,33684,15302712,10813613,0,2058284,16634507,5609830,1813704,0,46,83,25,0,0,21,0,57,26,6,0,14,76,26,7,49,80,0,31,36,45,17,0
12166,20243,D,발달상권,3120208,청담사거리(청담동명품거리),CS300029,애완동물,391891599,2124,306802841,85088758,41806931,48890075,15914310,137954551,62236974,85088758,0,0,0,100729940,179026893,112134766,0,66588827,325302772,0,13711071,131484255,196695475,31646536,18354262,1432,692,182,291,255,375,329,692,0,0,0,547,1092,485,0,364,1760,0,72,510,1215,181,146
12825,20243,R,전통시장,3130146,쌍문시장(쌍문역골목시장),CS300029,애완동물,150000000,7715,105534652,44465348,23154523,15533089,19407446,29760427,17679167,30220050,14245298,0,1903620,30070196,47467439,70558745,0,35670885,114329115,2968807,6974655,10445511,19799011,70735288,39076728,5688,2027,1527,758,908,1350,1145,1158,869,0,114,1427,1998,4176,0,2026,5689,193,486,773,1145,3598,1520
12826,20243,R,전통시장,3130147,쌍문역동측상점가,CS300029,애완동물,37244575,1919,27112272,10132303,4689792,6151602,6177423,4808704,5284751,6481692,3650611,1283827,2139325,6494393,11158160,11353006,4815864,14852423,22392152,109694,6866437,9373002,3970823,7760859,9163760,1331,588,235,304,281,212,299,362,226,87,128,276,386,706,336,675,1244,6,290,668,241,381,333
13519,20243,A,골목상권,3110646,푸른들청소년도서관,CS300029,애완동물,11445700,218,7762350,3683350,357972,1601456,1337686,2383344,2081892,3683350,0,0,659424,4399293,3325377,3061606,0,4512337,6933363,0,942033,2750736,2797837,1610876,3344218,142,76,9,9,38,38,48,76,0,0,18,77,57,66,0,103,115,0,19,38,76,28,57
13520,20243,A,골목상권,3111004,삼전역 1번,CS300029,애완동물,307503047,8686,186679487,120823560,34573826,22943862,42805917,43818707,42537175,64551859,56271701,7450766,28839424,56625593,71530508,114263620,28793136,134743996,172759051,266476,51807423,78291425,73702539,63079642,40355542,5648,3038,1164,941,1168,1154,1221,1553,1485,381,770,1619,1899,2718,1299,2963,5723,41,1240,2327,2084,1590,1404
14209,20243,A,골목상권,3110507,명지대학교,CS300029,애완동물,44927817,1028,21612260,23315557,3146371,11416153,616935,3736361,2696440,20999211,2316346,0,439658,3052062,32536622,8200282,699193,31252748,10186895,0,205645,0,18197118,13245678,9791202,628,400,122,234,42,145,85,295,105,0,44,171,462,309,42,373,590,0,21,0,249,269,424
14876,20243,A,골목상권,3110118,왕십리역 9번,CS300029,애완동물,4899296,387,4483243,416053,2315599,160363,547621,693587,766073,314274,101779,0,707488,437898,1289864,2131402,332644,1851387,2879105,104261,865369,1796774,520314,593297,850475,327,60,127,45,50,50,55,45,15,0,25,45,115,177,25,115,262,5,144,94,45,50,40
14877,20243,A,골목상권,3110544,망리단길,CS300029,애완동물,117000000,7729,84214722,32785278,17368878,13040967,18501079,18103995,17199803,18425241,14360037,0,7960908,23194526,23502009,53263336,9079221,49088052,67911948,0,8814182,15596561,19869118,41474609,31245530,5380,2349,1203,706,1188,1070,1213,1288,1061,0,478,1720,1725,3174,632,2839,4890,0,695,1205,1431,2382,2016
14878,20243,D,발달상권,3120104,연남동(홍대),CS300029,애완동물,4912379,95,1656046,3256333,724869,0,50183,713717,167277,1226701,2029632,0,0,345707,2648558,1918114,0,2241517,2670862,0,22304,1923690,1143062,791779,1031544,40,55,12,0,5,17,6,22,33,0,0,12,44,39,0,34,61,0,11,27,12,22,23
15561,20243,R,전통시장,3130202,신영시장,CS300029,애완동물,80477054,3858,53102384,27374670,13146809,11846183,8533386,10216202,9359804,14692988,12681682,0,5219139,22341335,24246305,27160451,1509824,28959564,50322181,0,2766963,6248978,14827607,21434988,34003209,2418,1440,541,529,501,473,374,798,642,0,196,1012,1195,1367,88,1563,2247,0,177,362,842,833,1596
15562,20243,A,골목상권,3110867,국제신학대학원대학교(남서울중학교),CS300029,애완동물,148195095,4470,112546683,35648412,18213950,19459841,34533911,17998386,22340595,17775795,17872617,403305,7522280,19080426,31387004,85100128,4701952,54806668,93388427,273542,25113774,48552122,18095763,28055203,28104691,3079,1391,576,633,604,563,703,689,702,28,224,675,955,2363,225,1466,3004,56,996,997,614,1067,740
15563,20243,D,발달상권,3120160,사당역(사당),CS300029,애완동물,21615216,550,13451973,8163243,4139557,1954590,2758872,3044570,1554384,3439084,4724159,327814,707987,7314115,8698217,4099948,467135,5698495,15916721,0,1390249,4462136,5516604,7458672,2787555,345,205,94,50,73,82,46,86,119,5,18,127,235,137,28,114,436,0,41,91,136,177,105
15594,20243,D,발달상권,3120149,여의도역(여의도),CS300029,애완동물,54538060,9090,32368117,22169943,0,0,0,0,32368117,9754775,12415168,0,1330197,11528370,16184058,25495435,0,9976474,44561586,3547191,10641573,33033215,3325491,2660393,1330197,2660,6430,0,0,0,0,2660,3104,3326,0,443,2882,4435,1330,0,2660,6430,665,3548,3547,443,665,222
16237,20243,A,골목상권,3110249,중화역 1번,CS300029,애완동물,3037819,113,0,3037819,0,0,0,0,0,0,3037819,0,0,0,3037819,0,0,3037819,0,787583,0,0,2250236,0,0,0,113,0,0,0,0,0,0,113,0,0,0,113,0,0,113,0,56,0,0,57,0,0
16238,20243,D,발달상권,3120221,봉은사역,CS300029,애완동물,30761764,176,17523532,13238232,1401883,4779145,0,11342504,0,4556119,8682113,0,0,9813178,12186820,4779145,3982621,0,30761764,0,0,1051412,2453295,27257057,0,96,80,16,16,0,64,0,48,32,0,0,64,80,16,16,0,176,0,0,16,32,128,0
16934,20243,A,골목상권,3110752,한울중학교,CS300029,애완동물,2548804,56,2548804,0,1568918,495448,264239,220199,0,0,0,0,0,264239,1183570,1100995,0,1089985,1458819,0,0,825746,0,511963,1211095,56,0,27,12,11,6,0,0,0,0,0,11,28,17,0,23,33,0,0,12,0,16,28
16935,20243,D,발달상권,3120248,명일역,CS300029,애완동물,70301910,4466,49084881,21217029,8492019,12810826,12339328,7944644,7498064,12762808,8454221,335985,5150369,13135612,16047481,27014449,8618014,32076343,38225567,215590,11396889,9978333,19012827,12066060,17632211,3108,1358,574,784,686,476,588,798,560,70,406,756,924,1694,616,2044,2422,14,798,672,1078,700,1204
17590,20243,A,골목상권,3111005,삼전역 3번,CS300029,애완동물,13560970,883,8061991,5498979,1875215,2089879,1227311,1177930,1691656,4047116,1451863,761517,902344,2888063,2609035,4504838,1895173,6303130,7257840,38621,1821691,5647098,2996764,1222892,1833904,576,307,109,130,90,89,158,190,117,56,103,98,171,304,151,372,511,7,111,461,186,84,34
17591,20243,A,골목상권,3111066,암사동성당(효정하나플러스아파트),CS300029,애완동물,11368495,207,7079076,4289419,2584499,165068,1273385,839490,2216634,3551327,738092,0,165068,2796730,5199655,3207042,0,4720956,6647539,0,1131898,2664675,2770791,4197453,603678,129,78,48,5,24,19,33,54,24,0,5,52,94,56,0,81,126,0,14,47,80,56,10
18273,20243,A,골목상권,3110464,연신내역 5번,CS300029,애완동물,7704487,669,5459777,2244710,1508022,1537831,726027,596138,1091759,1461463,783247,628176,187653,1045962,723960,3227466,1891270,2386973,5317514,180854,1422245,2996664,1616754,1373922,114048,478,191,120,131,59,59,109,115,76,49,16,71,71,283,179,209,460,11,149,268,121,110,10
18301,20243,A,골목상권,3110128,성원중학교,CS300029,애완동물,22188323,27,22188323,0,0,0,0,0,22188323,0,0,0,0,0,0,22188323,0,0,22188323,0,0,0,0,0,22188323,27,0,0,0,0,0,27,0,0,0,0,0,0,27,0,0,27,0,0,0,0,0,27
18927,20243,D,발달상권,3120237,경찰병원역,CS300029,애완동물,54771983,451,40109141,14662842,11342683,4903148,8879209,6805907,8178194,10976309,3686533,0,1336096,10052693,21197068,22186126,0,14942952,39829031,49577,7820745,8194059,9247565,15896313,13563724,318,133,70,64,69,55,60,98,35,0,20,138,154,139,0,163,288,5,50,79,95,108,114
18928,20243,D,발달상권,3120230,송파사거리(송파역),CS300029,애완동물,7991154,175,5049520,2941634,1042474,204137,529838,1158305,2114766,2250092,691542,0,1036282,3684096,1566119,1704657,0,1916823,6074331,0,0,2063158,1830350,1584928,2512718,115,60,23,10,14,32,36,41,19,0,33,73,28,41,0,46,129,0,0,33,50,24,68
19595,20243,D,발달상권,3120145,영등포역(영등포),CS300029,애완동물,226081909,3291,135746038,90335871,38474106,34747212,21530208,26760400,14234112,27151007,63184864,0,8622275,70998429,65464863,72725363,8270979,92083826,133998083,42477,45574232,49507943,87336986,37730450,5889821,2015,1276,480,390,384,422,339,635,641,0,102,858,1076,1165,90,1134,2157,12,649,863,1017,602,148
20313,20243,R,전통시장,3130018,동대문문구완구거리(동대문문구완구시장),CS300029,애완동물,228717828,3645,151251768,77466060,20295536,33015977,20617120,43449599,33873536,51739325,25726735,0,22510894,123452601,69676576,13077757,0,81646654,83326039,0,34695361,22939673,64817082,11362643,31157936,2502,1143,500,645,357,285,715,572,571,0,285,1717,1143,500,0,2001,1072,0,500,500,643,643,786
20314,20243,D,발달상권,3120094,"신촌역(신촌역, 신촌로터리)",CS300029,애완동물,57274597,2164,43125049,14149548,9758675,7899593,7930108,6146389,11390284,6341498,7808050,1608492,5225402,15220333,13278030,17510781,4431559,19374434,36496952,0,8590241,15320663,10738731,10874113,10347638,1582,582,357,309,287,258,371,282,300,51,203,616,503,634,157,728,1417,0,301,628,343,488,385
20315,20243,A,골목상권,3110654,까치산역 4번,CS300029,애완동물,14539084,245,12396561,2142523,1853663,2881286,2805856,2892378,1963378,2142523,0,0,2366037,7274863,3794478,1103706,0,4236238,10302846,0,1686443,2740688,776477,2070421,7265055,206,39,50,33,40,44,39,39,0,0,34,115,67,29,0,62,183,0,23,66,11,39,106
20316,20243,A,골목상권,3110804,신풍역 1번,CS300029,애완동물,2100000,58,1882759,217241,796552,579311,0,506896,0,217241,0,0,217241,1122415,543103,217241,0,289655,1810345,0,0,506897,543103,253448,796552,51,7,22,15,0,14,0,7,0,0,8,28,15,7,0,7,51,0,0,15,14,7,22
20989,20243,D,발달상권,3120076,수유역,CS300029,애완동물,1724138,5,1724138,0,0,0,1724138,0,0,0,0,0,0,1724138,0,0,0,0,1724138,0,0,0,0,1724138,0,5,0,0,0,5,0,0,0,0,0,0,5,0,0,0,0,5,0,0,0,0,5,0
21650,20243,R,전통시장,3130290,영림시장,CS300029,애완동물,23408049,1617,16643969,6764080,3992054,2294384,3972580,3446938,2938013,3703226,3060854,1436349,2335789,3814384,3257402,7540500,5023625,6754095,16653954,0,8168149,4959732,4327282,3927013,2025873,1096,521,251,138,228,251,228,275,246,114,138,228,264,537,336,464,1153,0,636,409,253,198,121
22308,20243,D,발달상권,3120049,왕십리역(왕십리),CS300029,애완동물,35842538,925,26454350,9388188,1570283,3920696,5756298,8007631,7199442,4083340,5304848,0,6222032,9978387,10918797,8723322,0,11818510,24024028,0,2332068,6661353,6015039,11582327,9251751,672,253,46,108,129,211,178,109,144,0,149,252,278,246,0,328,597,0,67,194,160,279,225
22309,20243,D,발달상권,3120093,연희동,CS300029,애완동물,12247455,480,6964239,5283216,1148525,1472200,1211172,1263378,1868964,3706604,1576612,0,0,4317410,3174106,4755939,0,6583138,5664317,0,1905507,2819108,1513965,2213521,3795354,335,145,41,85,85,51,73,104,41,0,0,125,189,166,0,281,199,0,83,83,83,62,169
22310,20243,D,발달상권,3120113,오목교역,CS300029,애완동물,117000000,623,45580539,71419461,11703726,5082806,3656971,16488182,8648854,48582355,22837106,0,0,5773152,36719417,49956605,24550826,64126056,52873944,191987,22320290,24288321,42033096,25466074,2700232,289,334,68,40,73,56,52,205,129,0,0,72,222,252,77,278,345,22,191,171,156,73,10
22311,20243,R,전통시장,3130241,선유도역 골목형상점가,CS300029,애완동물,47883653,1100,41804836,6078817,5124464,1867213,1535264,4896248,28381647,3609946,2468871,0,3174263,3900402,6535248,34273740,0,13941860,9668017,394190,1203316,4087123,4356832,9813244,3755174,809,291,208,123,83,124,271,165,126,0,42,124,352,582,0,538,457,21,62,227,249,249,187
22312,20243,D,발달상권,3120225,잠실새내역(신천),CS300029,애완동물,69840551,1343,36107569,33732982,5072459,2315889,4088392,4567385,20063444,24486486,9246496,0,764243,6535423,37219043,25321842,0,41845366,27568723,0,17768560,21870250,5669226,19093949,5012105,989,354,240,164,192,214,179,249,105,0,28,325,447,543,0,397,924,0,26,151,370,599,174
22313,20243,D,발달상권,3120245,둔촌역,CS300029,애완동물,78980865,757,52830797,26150068,8546885,12308042,7206444,12560165,12209261,24643652,1506416,0,2242682,26227312,23085835,27425036,0,25090464,53890401,0,2239810,13981295,22382593,18411236,21965931,562,195,80,137,92,162,91,150,45,0,46,245,236,230,0,299,458,0,29,132,183,206,207
24371,20244,R,전통시장,3130024,남대문시장(자유상가),CS300029,애완동물,415707006,11975,360802547,54904459,114585988,78598726,53949045,67197451,46471337,54904459,0,0,51847134,175388536,173566877,14904459,0,178254777,237452229,0,23057324,30929935,33312102,107515924,220891721,10446,1529,3056,2039,1401,2293,1657,1529,0,0,1274,4969,5222,510,0,5478,6497,0,509,1147,1274,3439,5606
24372,20244,U,관광특구,3001492,명동 남대문 북창동 다동 무교동 관광특구,CS300029,애완동물,415707006,11975,360802547,54904459,114585988,78598726,53949045,67197451,46471337,54904459,0,0,51847134,175388536,173566877,14904459,0,178254777,237452229,0,23057324,30929935,33312102,107515924,220891721,10446,1529,3056,2039,1401,2293,1657,1529,0,0,1274,4969,5222,510,0,5478,6497,0,509,1147,1274,3439,5606
24373,20244,A,골목상권,3110118,왕십리역 9번,CS300029,애완동물,5837650,337,4461895,1375755,901118,352503,1218370,373851,1616053,603227,772528,0,1374264,660324,1813653,1887630,101779,1286387,4397353,0,1015805,1747125,250724,2046999,623086,272,65,55,44,74,30,69,35,30,0,45,40,113,124,15,65,267,0,94,95,30,84,30
24374,20244,A,골목상권,3110416,노원초등학교,CS300029,애완동물,17952297,437,15813643,2138654,3927946,4833426,1256579,4025905,1769787,2138654,0,0,2528328,4631005,5624045,5168919,0,6081783,11870514,0,1698156,2391323,944426,5899229,7019163,372,65,95,96,43,69,69,65,0,0,56,122,138,121,0,176,261,0,43,70,17,127,180
24375,20244,A,골목상권,3110544,망리단길,CS300029,애완동물,117000000,7797,72888603,44111397,14952283,12206387,15905919,16164702,13659312,20902814,23208583,0,4210677,25704295,39649746,42809945,4625337,48280890,68719110,153012,17280820,16832848,20173050,32151676,30408594,5114,2683,1070,1002,1087,1066,889,1308,1375,0,343,1703,2432,3029,290,3013,4784,28,974,1193,1409,2189,2004
24376,20244,D,발달상권,3120096,"이화여대(이대역, 이대)",CS300029,애완동물,91678404,179,46670962,45007442,433208,9218670,24496480,8698820,3823784,26004043,19003399,0,0,3188412,27690668,54214560,6584764,47803079,43875325,0,32669673,24883479,21995423,12129829,0,110,69,6,29,28,24,23,34,35,0,0,12,46,109,12,92,87,0,64,68,29,18,0
24377,20244,D,발달상권,3120113,오목교역,CS300029,애완동물,109046484,760,64766751,44279733,16474437,16387429,7858354,11045125,13001406,15562645,28717088,0,804988,3197469,39103265,59804681,6136081,71404109,37642375,989535,13818828,31239106,31717269,30531746,750000,385,375,75,78,62,72,98,163,212,0,3,95,286,277,99,367,393,36,201,155,253,86,29
24378,20244,A,골목상권,3110867,국제신학대학원대학교(남서울중학교),CS300029,애완동물,198879774,4961,117654470,81225304,22905504,18756094,17377267,28608411,30007194,49268613,31956691,0,8844616,36972293,46068729,101812995,5181141,56755871,142123903,372599,70630493,27817942,20711929,36159713,43187098,3387,1574,730,773,506,745,633,801,773,0,238,1152,1292,2251,28,1710,3251,42,1060,974,637,963,1285
24379,20244,R,전통시장,3130290,영림시장,CS300029,애완동물,29539767,2025,21069983,8469784,5674504,4369209,3867416,3898096,3260758,4590983,3878801,2870600,1377804,3440106,7592994,8780004,5478259,10533385,19006382,43144,8532809,7290748,5061915,4544640,4066511,1461,564,317,312,294,287,251,276,288,126,102,252,474,681,390,704,1321,6,565,566,396,252,240
24380,20244,D,발달상권,3120237,경찰병원역,CS300029,애완동물,67664934,486,46836221,20828713,9204929,6901095,6362194,13676761,10691242,13933567,6895146,0,3559616,16302350,23764652,19685471,4352845,29782287,37882647,0,17402458,14496761,18938349,12931619,3895747,342,144,60,74,79,75,54,89,55,0,50,129,169,123,15,208,278,0,70,113,124,85,94
26970,20244,D,발달상권,3120058,구의사거리,CS300029,애완동물,15642138,350,9093804,6548334,1263980,2712988,1557132,2901064,658640,2512733,4035601,468282,1153572,2428975,6312288,4094992,1184029,6080051,9562087,0,552039,4781805,3849049,3418838,3040407,221,129,38,60,38,69,16,53,76,23,23,38,113,122,31,130,220,0,16,99,98,69,68
26972,20244,D,발달상권,3120108,신정네거리역,CS300029,애완동물,22081242,484,15491372,6589870,1173066,6460489,1854479,129382,5873956,5856704,733166,0,345019,7383415,10721478,3631330,0,6124094,15957148,0,603784,2156372,3501947,8159708,7659431,329,155,26,138,43,9,113,138,17,0,9,172,224,79,0,146,338,0,18,52,86,190,138
26973,20244,A,골목상권,3110752,한울중학교,CS300029,애완동물,1827652,67,1414778,412874,220199,558755,385348,57802,192674,412874,0,0,0,0,1081728,745924,0,718399,1109253,0,192674,192674,0,503705,938599,57,10,11,22,12,6,6,10,0,0,0,0,39,28,0,28,39,0,6,6,0,22,33
26974,20244,A,골목상권,3110804,신풍역 1번,CS300029,애완동물,2570689,51,2099999,470690,579310,651724,289655,0,579310,470690,0,0,0,1158620,1412069,0,0,1520689,1050000,0,0,941379,470690,615517,543103,44,7,15,8,7,0,14,7,0,0,0,29,22,0,0,30,21,0,0,16,7,14,14
26975,20244,D,발달상권,3120185,논현역,CS300029,애완동물,22988048,129,4243106,18744942,1552135,1855883,0,801404,33684,16340729,2404213,33684,0,0,21267198,1687166,0,1602808,21385240,0,3272985,18112255,801404,801404,0,72,57,25,33,0,8,6,32,25,6,0,0,90,33,0,17,112,0,47,49,8,25,0
26976,20244,D,발달상권,3120213,삼성중앙역,CS300029,애완동물,101811925,370,84401348,17410577,800833,3650299,15940598,208528,63801090,3715493,13695084,0,800833,73729656,18292815,8988621,0,16394168,83102882,0,638644,9161324,1928150,18660386,69108546,159,211,8,13,89,13,36,49,162,0,8,134,167,61,0,180,186,0,17,40,21,188,99
26977,20244,A,골목상권,3111005,삼전역 3번,CS300029,애완동물,9646278,689,7005496,2640782,1157241,2187024,897241,1379154,1384836,1669407,971375,752966,472413,1022877,1937488,2552948,2907586,4082758,5563520,41379,2728836,4594684,771724,542069,967586,491,198,103,135,63,101,89,122,76,63,35,55,133,225,178,276,413,7,136,379,90,42,35
29647,20244,R,전통시장,3130073,뚝도시장,CS300029,애완동물,180120799,3948,136865888,43254911,21701943,7715224,32888411,28312571,46247739,37188105,6066806,0,7405162,42562115,88261190,41892332,0,50128364,86520723,0,19100327,25135640,33615121,28007353,30790646,2909,1039,292,436,581,726,874,725,314,0,168,1139,1429,1212,0,1525,2108,0,241,557,607,921,1308
29648,20244,R,전통시장,3130110,면목골목시장(면목시장),CS300029,애완동물,201054788,10795,152042631,49012157,24533696,41249346,25111136,36554503,24593950,31176773,17835384,0,10087636,63779574,61469812,65215644,502122,55404244,145650544,0,16083202,36696104,43416051,64462883,40396548,7832,2963,1156,1706,1556,1858,1556,1808,1155,0,402,2812,3716,3815,50,3230,7565,0,1112,2875,1764,2826,2218
29649,20244,A,골목상권,3110376,수송초등학교,CS300029,애완동물,510300,69,510300,0,268942,241358,0,0,0,0,0,0,0,0,510300,0,0,510300,0,0,0,268942,0,0,241358,69,0,34,35,0,0,0,0,0,0,0,0,69,0,0,69,0,0,0,34,0,0,35
29650,20244,A,골목상권,3110405,방학역 1번,CS300029,애완동물,123498982,3973,86145828,37353154,13240919,20061009,23322810,16974137,12546953,21750093,15603061,0,19768207,38748288,31176414,30757985,3048088,37246071,86252911,713270,10471823,30148437,27510888,25815927,28838637,2857,1116,486,608,724,583,456,659,457,0,527,1074,1006,1156,210,1232,2741,37,330,747,909,946,1004
29651,20244,A,골목상권,3110464,연신내역 5번,CS300029,애완동물,8272940,701,6408648,1864292,1655970,793908,1509381,1128475,1320914,1298396,565896,303509,487353,1793092,768834,3461354,1458798,4096878,4176062,61929,2035154,2581737,1990839,1399616,203665,522,179,81,60,114,153,114,114,65,27,43,115,93,249,174,280,421,5,194,271,119,102,10
29652,20244,A,골목상권,3110455,역촌노인복지관,CS300029,애완동물,2260896,58,2005634,255262,765787,0,109398,0,1130449,255262,0,0,0,1239846,619923,401127,0,911652,1349244,0,474059,182330,0,948117,656390,51,7,22,0,7,0,22,7,0,0,0,29,22,7,0,21,37,0,7,8,0,29,14
29653,20244,R,전통시장,3130241,선유도역 골목형상점가,CS300029,애완동물,40383679,1328,24221908,16161771,10622371,2012441,5311185,2634846,3641065,4999983,11161788,0,2095428,14294556,14429412,9564283,0,25606206,10794084,0,5288831,4448962,9656445,10794399,6211653,831,497,207,125,125,125,249,249,248,0,62,458,373,435,0,760,506,0,129,229,379,337,191
32349,20244,A,골목상권,3110422,노원역 9번,CS300029,애완동물,58624279,125,22597576,36026703,342071,2736566,10739122,0,8779817,10442660,25584043,0,0,8976508,8105177,21730995,19811599,15949050,42675229,0,23973460,12000983,12677523,9634993,337320,68,57,9,10,29,0,20,18,39,0,0,38,19,38,30,29,96,0,46,29,30,10,10
32350,20244,A,골목상권,3110473,구산역 1번,CS300029,애완동물,18400214,12,18400214,0,18088346,0,311868,0,0,0,0,0,0,0,311868,18088346,0,0,18400214,311868,0,0,0,18088346,0,12,0,6,0,6,0,0,0,0,0,0,0,6,6,0,0,12,6,0,0,0,6,0
32351,20244,D,발달상권,3120094,"신촌역(신촌역, 신촌로터리)",CS300029,애완동물,55374830,1918,38259814,17115016,7291612,6520886,10599677,6894461,6953178,8467352,8647664,1302883,5099644,17808069,14684016,13216076,3264142,15068196,40306634,0,5710075,16694395,10421031,12045389,10503940,1322,596,282,244,334,245,217,311,285,32,153,610,462,560,101,494,1424,0,261,560,313,463,321
32352,20244,A,골목상권,3110660,등촌3동주민센터,CS300029,애완동물,71312864,2468,46587018,24725846,6629005,12125068,10904677,9450039,7478229,11135193,13590653,1857714,4951802,16278659,14004152,25194091,9026446,19915999,48566072,38005,4720323,14722062,13074693,21418886,14508102,1680,788,294,400,337,360,289,358,430,57,194,454,497,909,357,705,1684,20,289,488,476,703,414
32353,20244,D,발달상권,3120131,가산디지털단지,CS300029,애완동물,378727570,4650,131648459,247079111,59380803,16191198,0,0,56076458,123141850,123937261,0,3466046,120459866,190123687,64677971,0,200059368,178668202,5615041,99697136,150828941,99162794,22053257,1370401,1679,2971,523,392,0,0,764,1574,1397,0,71,1347,2220,1012,0,1971,2679,131,1537,1470,1158,332,22
32354,20244,D,발달상권,3120171,서초3동사거리,CS300029,애완동물,8421106,163,5062462,3358644,288506,1143137,1442530,1007048,1181241,3358644,0,0,3249774,1780027,3200782,190523,0,2433248,4245936,0,43548,1126806,587898,2999373,1921558,113,50,10,27,39,16,21,50,0,0,60,38,60,5,0,54,93,0,5,27,16,54,43
32355,20244,D,발달상권,3120221,봉은사역,CS300029,애완동물,15580014,80,12075307,3504707,1401883,0,3982621,0,6690803,1051412,2453295,0,0,3504706,0,12075308,0,6690804,8889210,0,0,0,7742215,7837799,0,48,32,16,0,16,0,16,16,16,0,0,32,0,48,0,16,64,0,0,0,32,48,0
32356,20244,D,발달상권,3120225,잠실새내역(신천),CS300029,애완동물,19497525,1203,16010699,3486826,4135272,2759862,3023082,4003664,2088819,3376680,110146,0,398220,6380556,5087612,7631137,0,5557568,12663959,79079,1005434,1279952,5765999,7137456,2953606,972,231,221,233,174,203,141,220,11,0,23,372,357,451,0,310,819,6,62,119,389,374,180
32447,20244,D,발달상권,3120149,여의도역(여의도),CS300029,애완동물,14410463,3769,4655688,9754775,0,0,0,0,4655688,1551896,8202879,0,0,8867977,3103792,2438694,0,5985885,8424578,0,3325491,5099087,3547191,2438694,0,1108,2661,0,0,0,0,1108,665,1996,0,0,1996,1108,665,0,1552,2217,0,887,1774,665,443,0
34997,20244,U,관광특구,3001494,종로?청계 관광특구,CS300029,애완동물,566527375,13358,290606176,275921199,72315715,77270724,68970632,39405295,32643810,152156364,123764835,0,45372864,99889774,334677802,85006101,1580834,364425072,134263211,43970,12888783,29286463,126519533,150415567,179533968,7134,6224,1664,1943,1373,930,1224,3281,2943,0,1204,2251,7666,2153,84,9123,3662,5,743,1284,2113,3043,5594
34998,20244,D,발달상권,3120049,왕십리역(왕십리),CS300029,애완동물,34449856,827,22495422,11954434,1471411,4984440,5116148,4776828,6146595,3985240,7969194,0,2601806,8476914,11578988,11792148,0,9942796,24507060,56527,2758091,6375577,7735761,10906021,6617879,566,261,41,143,119,124,139,97,164,0,62,196,271,298,0,229,598,5,61,155,182,244,180
34999,20244,D,발달상권,3120057,아차산역,CS300029,애완동물,69424940,80,53777759,15647181,19244812,8976125,0,20178328,5378494,1077135,14570046,0,0,5565197,28249661,33096767,2513315,50043691,19381249,0,10081984,27711092,26066667,5565197,0,51,29,15,7,0,22,7,7,22,0,0,7,29,37,7,44,36,0,15,29,29,7,0
35000,20244,R,전통시장,3130112,사가정시장,CS300029,애완동물,2855332,116,2265056,590276,645185,446140,803051,363816,6864,295138,295138,0,0,906047,734413,1214872,0,212774,2642558,0,102955,0,68637,1681644,1002096,88,28,26,34,14,7,7,14,14,0,0,34,41,41,0,21,95,0,21,0,7,34,54
35001,20244,A,골목상권,3110255,상봉역 4번,CS300029,애완동물,21078291,14,21078291,0,21078291,0,0,0,0,0,0,0,0,0,0,0,21078291,0,21078291,0,0,0,0,0,21078291,14,0,14,0,0,0,0,0,0,0,0,0,0,0,14,0,14,0,0,0,0,0,14
35002,20244,R,전통시장,3130202,신영시장,CS300029,애완동물,89393562,4120,56454375,32939187,10814978,13250243,9530181,12856718,10002255,20739947,12199240,0,5428715,20323403,32244236,29725670,1671538,33682761,55710801,73506,4479839,8477541,14725616,24178320,37458740,2831,1289,569,594,523,660,485,700,589,0,213,1024,1454,1349,80,1745,2375,7,218,463,832,1135,1465
35003,20244,A,골목상권,3110654,까치산역 4번,CS300029,애완동물,15040088,278,13209820,1830268,2922327,2095380,2167481,3607569,2417063,1830268,0,0,3932858,5114490,4656090,1336650,0,5145826,9894262,0,582358,2204918,3544620,3516887,5191305,239,39,45,50,34,56,54,39,0,0,33,89,128,28,0,94,184,0,12,72,50,44,100
35004,20244,D,발달상권,3120156,"총신대입구역(이수, 총신대)",CS300029,애완동물,69683259,687,57208827,12474432,11725473,11306210,11113528,3210287,19853329,8346944,4127488,122656,3514653,6539127,30845185,27319112,1342526,23143544,46539715,0,6015498,23991342,6578378,15418622,17679419,504,183,148,133,85,44,94,94,89,4,58,112,197,258,58,236,451,0,67,160,143,138,179
35005,20244,D,발달상권,3120177,신논현역 1번,CS300029,애완동물,8800710,164,3887790,4912920,0,167505,427138,1381915,1911232,3382762,1530158,0,268008,1943895,3302360,3286447,0,1308214,7492496,0,1618936,4072045,912064,2197665,0,79,85,0,4,8,16,51,56,29,0,13,33,67,51,0,46,118,0,38,67,25,34,0
35006,20244,D,발달상권,3120160,사당역(사당),CS300029,애완동물,25092091,593,16673881,8418210,2643681,2874745,2763424,4546594,3845437,3373067,5045143,277276,1460365,7806519,7815626,6997912,734393,7193006,17899085,0,3873438,6348431,6397830,5778628,2693764,425,168,69,86,88,96,86,77,91,5,36,159,182,178,33,154,439,0,101,155,137,141,59
35007,20244,A,골목상권,3111006,석촌고분역 1번,CS300029,애완동물,9633985,57,5650006,3983979,5650006,0,0,0,0,0,3983979,0,2462823,0,3187183,3983979,0,1738464,7895521,0,0,0,7895521,0,1738464,28,29,28,0,0,0,0,0,29,0,14,0,14,29,0,14,43,0,0,0,42,0,15
35008,20244,A,골목상권,3111004,삼전역 1번,CS300029,애완동물,246635432,5957,137097318,109538114,17533998,27034099,32981752,25323894,34223575,58307588,51230526,7154181,16278778,61289812,66092027,76746262,19074372,105395575,141239857,320708,44361856,60840045,72539090,39254645,29319088,3808,2149,443,821,871,921,752,1081,1068,308,502,1148,1582,1642,775,2280,3677,39,830,1586,1410,1080,1012
35009,20244,D,발달상권,3120248,명일역,CS300029,애완동물,58379485,3738,42614370,15765115,8612415,7449066,8899401,9598249,8055239,7802130,7962985,431181,3721453,9172390,18155787,15697496,11201178,25797498,32581987,789691,9097869,8994179,11267764,14361272,13868710,2800,938,476,546,546,672,560,420,518,28,210,686,924,1190,700,1729,2009,70,660,619,618,787,984
35010,20244,D,발달상권,3120245,둔촌역,CS300029,애완동물,76633945,476,51728409,24905536,13580714,16840212,7323030,6335216,7649237,18812105,6093431,0,1190545,14070600,41917467,19455333,0,14949295,61684650,0,427287,15215201,11062938,17664921,32263598,384,92,99,102,62,51,70,69,23,0,40,85,162,189,0,184,292,0,23,75,68,149,161
37610,20244,D,발달상권,3120104,연남동(홍대),CS300029,애완동물,3797197,67,1968298,1828899,362434,0,0,1271309,334555,1405130,423769,0,0,0,2102120,1695077,0,1131910,2665287,0,0,797355,0,1940418,1059424,28,39,6,0,0,16,6,27,12,0,0,0,39,28,0,28,39,0,0,22,0,28,17
37632,20244,A,골목상권,3110646,푸른들청소년도서관,CS300029,애완동물,5379007,132,2986244,2392763,0,781886,546379,357973,1300006,2392763,0,0,0,706525,3127548,1544934,0,2128994,3250013,0,0,1582615,1507252,1422470,866670,85,47,0,19,20,18,28,47,0,0,0,27,77,28,0,47,85,0,0,38,38,38,18
37694,20244,A,골목상권,3110254,오거리공원,CS300029,애완동물,8719314,228,5523391,3195923,1910608,1459009,1354793,0,798981,1146363,2049560,0,0,1007410,4620195,2952756,138953,4342288,4377026,0,764242,1702177,1806392,3508569,937934,145,83,33,42,42,0,28,28,55,0,0,35,110,76,7,124,104,0,21,48,48,90,21
37695,20244,A,골목상권,3110407,도봉역 2번,CS300029,애완동물,102981446,58,102981446,0,0,66981446,24827587,0,11172413,0,0,0,0,96423132,0,0,6558314,37892473,65088973,0,0,0,60423132,0,42558314,58,0,0,33,12,0,13,0,0,0,0,45,0,0,13,10,48,0,0,0,20,0,38
37696,20244,D,발달상권,3120081,노원역,CS300029,애완동물,4883864,118,3699896,1183968,1011305,1060636,517985,345324,764646,1183968,0,0,591984,1874614,2170606,246660,0,1603289,3033916,0,221994,641315,937307,1430628,1405961,88,30,24,24,5,10,25,30,0,0,15,48,50,5,0,35,78,0,5,10,20,44,35
37697,20244,A,골목상권,3110507,명지대학교,CS300029,애완동물,27161526,824,18181902,8979624,4462499,5273038,1310458,2710977,4424930,2948528,6031096,0,1542339,9095919,12328811,4194457,0,6331754,15894986,143952,549571,61694,7873395,3575393,10022734,569,255,122,167,86,86,108,126,129,0,21,253,360,190,0,166,572,21,22,21,150,147,377
37698,20244,D,발달상권,3120178,신사역,CS300029,애완동물,127913832,919,91657073,36256759,14525123,19240695,24338604,21435393,12117258,34978327,1278432,0,20623177,30036309,50700795,25470231,1083320,55599831,71684381,0,11003465,25254007,18530984,28930612,43565144,638,281,141,155,135,129,78,249,32,0,154,216,364,152,33,372,534,0,55,206,160,260,224
37699,20244,D,발달상권,3120208,청담사거리(청담동명품거리),CS300029,애완동물,507544964,1795,468432905,39112059,37473286,39439814,102550799,186709543,102259463,39112059,0,0,0,30044180,244104407,233396377,0,81501666,416137823,0,56519475,222871810,144394148,47815767,26038289,1503,292,109,472,364,266,292,292,0,0,0,292,1018,485,0,365,1358,0,218,412,729,182,182
37700,20244,A,골목상권,3111066,암사동성당(효정하나플러스아파트),CS300029,애완동물,5106744,117,3408900,1697844,1272442,0,943249,297123,896086,353718,1344126,0,0,2711838,1461091,933815,0,1367708,3739036,0,613110,589530,1013992,2465650,424462,80,37,32,0,19,15,14,10,27,0,0,51,33,33,0,33,84,0,10,14,33,50,10
40381,20244,D,발달상권,3120093,연희동,CS300029,애완동물,10801357,460,8472983,2328374,1576611,1576611,1874185,1921170,1524406,1545289,783085,0,0,4249543,4526233,1660141,365440,5565127,5236230,156617,1179849,2349256,2417123,1816758,2881754,367,93,84,74,73,63,73,73,20,0,0,104,221,115,20,261,199,10,52,83,95,84,136
40382,20244,D,발달상권,3120207,선정릉역,CS300029,애완동물,168645166,252,115600973,53044193,14247927,5447737,32929473,44495437,18480399,35862870,17181323,0,4190566,16846078,76511366,62716022,8381134,77181857,91463309,0,30825809,25637888,77567389,34614080,0,168,84,16,8,78,50,16,42,42,0,16,33,75,77,51,84,168,0,67,67,68,50,0
40384,20244,A,골목상권,3111060,암사역 2번(서울강동초등학교),CS300029,애완동물,20120893,138,19361815,759078,128295,256589,53456,545252,18378223,256590,502488,0,0,256590,288663,19575640,0,19094534,1026359,0,288663,18175089,0,1026358,630783,94,44,11,10,11,20,42,22,22,0,0,22,11,105,0,74,64,0,11,31,0,64,32
43041,20244,A,골목상권,3110032,수족관거리,CS300029,애완동물,16230392,572,3341551,12888841,0,0,0,477364,2864187,10979383,1909458,0,0,3532497,6014792,6683103,0,10788437,5441955,0,0,0,0,0,16230392,191,381,0,0,0,96,95,286,95,0,0,95,381,96,0,382,190,0,0,0,0,0,572
43042,20244,R,전통시장,3130018,동대문문구완구거리(동대문문구완구시장),CS300029,애완동물,213353248,4431,132992931,80360317,27370389,39233272,37160840,20438462,8789968,65281592,15078725,0,23439915,62744650,113805073,13363610,0,117163842,41162777,0,6717537,20724315,67425487,28728188,34731093,2142,2289,213,716,643,142,428,1359,930,0,357,928,2503,643,0,3002,1143,0,429,785,1000,857,1072
43043,20244,D,발달상권,3120055,군자역,CS300029,애완동물,81493648,6842,58160915,23332733,9608813,10081620,12578410,12103561,13788511,12597557,10735176,5966257,3900916,8640477,12047396,33974725,16963877,32541397,48952251,648451,24746199,29621876,7694455,13085029,5697638,4647,2195,791,869,1047,868,1072,1276,919,460,332,894,944,2730,1482,2485,4357,128,2178,2381,591,1051,513
43044,20244,D,발달상권,3120067,장안동사거리,CS300029,애완동물,55107066,2005,41097540,14009526,7686749,9618969,9083578,8403834,6304410,6178090,7831436,0,0,13398319,22824014,17582939,1301794,27080395,28026671,0,10284515,5754973,7687323,14314306,17065949,1479,526,319,393,285,260,222,241,285,0,0,448,770,722,65,970,1035,0,307,362,288,491,557
43045,20244,A,골목상권,3110314,종암경찰서,CS300029,애완동물,5990005,158,4383663,1606342,300251,375314,885740,120100,2702258,1606342,0,0,0,2109263,1613848,2266894,0,3100091,2889914,0,345288,300251,1463723,3212685,668058,106,52,8,7,31,8,52,52,0,0,0,52,45,61,0,75,83,0,15,8,36,68,31
43046,20244,D,발달상권,3120076,수유역,CS300029,애완동물,12068965,20,12068965,0,4926108,0,1724138,3448276,1970443,0,0,0,0,0,1724138,10344827,0,10344827,1724138,0,0,10344827,0,1724138,0,20,0,5,0,5,5,5,0,0,0,0,0,5,15,0,15,5,0,0,15,0,5,0
43047,20244,R,전통시장,3130146,쌍문시장(쌍문역골목시장),CS300029,애완동물,150000000,7650,118681296,31318704,16166425,22957433,33267918,21555858,24733662,22662687,8656017,0,195850,42596429,43789775,63417946,0,31588737,118411263,1481853,8594294,11814808,19451873,68520561,40136611,6131,1519,1177,1165,1353,1240,1196,1088,431,0,19,2089,1878,3664,0,1554,6096,114,430,899,1131,3486,1590
43048,20244,R,전통시장,3130147,쌍문역동측상점가,CS300029,애완동물,35182779,1822,24783441,10399338,4850057,5443960,4942073,3835873,5711478,5975172,4424166,717945,1083012,6776484,11017126,12594838,2993374,14108353,21074426,41788,4206399,10777513,4327702,7083118,8746259,1275,547,299,229,209,256,282,303,244,69,92,263,489,731,178,729,1093,6,269,707,271,325,244
43049,20244,A,골목상권,3110564,홍대입구역 3번,CS300029,애완동물,9790148,25,9790148,0,0,0,0,0,9790148,0,0,0,0,2008236,1255147,6526765,0,6526765,3263383,1255147,0,8535001,0,0,0,25,0,0,0,0,10,15,0,0,0,0,5,5,15,0,5,20,5,0,10,0,10,0
43050,20244,R,전통시장,3130213,방신전통시장,CS300029,애완동물,12932052,782,9753304,3178748,1557804,1976982,1906682,1774664,2537172,2105415,1073333,0,974379,3150695,5935401,2871577,0,5018854,7853007,0,287801,363583,1940343,3947636,6332497,604,178,123,136,107,111,127,105,73,0,47,173,378,184,0,250,528,0,23,47,90,236,383
43051,20244,R,전통시장,3130221,"남부골목시장(남부화곡시장, 남부시장)",CS300029,애완동물,170440826,11065,131207640,39233186,38302197,23722594,12287267,27622199,29273383,18250852,20982334,0,9178123,38363678,73583079,49315946,0,50993478,119447348,0,15984866,13349998,17091510,61111370,62903082,8167,2898,1669,1757,790,1932,2019,1317,1581,0,615,2108,4742,3600,0,3513,7552,0,965,1317,966,3426,4391
43052,20244,D,발달상권,3120145,영등포역(영등포),CS300029,애완동물,218730720,2721,117828890,100901830,32522242,28047077,25456118,12208670,19594783,17265742,83636088,0,3138359,67496450,65707639,81278107,1110165,105567576,113163144,96822,32112419,71123014,63853604,35192350,16352511,1627,1094,307,423,352,295,250,422,672,0,71,538,941,1119,52,989,1732,12,554,879,698,429,149
43053,20244,D,발달상권,3120186,가로수길,CS300029,애완동물,83377380,545,81092211,2285169,68145293,4134306,2418071,2959610,3434931,1264206,1020963,0,1376598,5546180,5738560,70716042,0,73462992,9647764,0,66632812,890203,2839200,7133842,5614698,467,78,116,91,81,105,74,45,33,0,41,171,144,189,0,237,304,0,45,83,89,203,121
43054,20244,D,발달상권,3120230,송파사거리(송파역),CS300029,애완동물,7517511,197,4871761,2645750,980086,1059677,934901,628467,1268630,1735163,910587,0,703928,1942741,1953979,2916863,0,3408626,4108885,0,213311,992472,1438133,2172566,2701029,128,69,22,28,28,14,36,41,28,0,19,50,50,78,0,78,119,0,14,28,32,50,73
44341,20242,D,발달상권,3120207,선정릉역,CS300029,애완동물,164566905,277,121596834,42970071,45839771,7962076,43824945,0,23970042,19276607,23693464,0,12571700,13845633,37715100,93310509,7123963,85708822,78858083,0,46012422,31088976,61483994,25981513,0,185,92,76,16,51,0,42,33,59,0,16,33,58,136,34,134,143,0,85,67,117,8,0
44342,20242,A,골목상권,3110128,성원중학교,CS300029,애완동물,53465839,27,0,53465839,0,0,0,0,0,53465839,0,0,0,0,0,53465839,0,53465839,0,0,0,53465839,0,0,0,0,27,0,0,0,0,0,27,0,0,0,0,0,27,0,27,0,0,0,27,0,0,0
44343,20242,A,골목상권,3110405,방학역 1번,CS300029,애완동물,109941795,3449,70425036,39516759,12357025,16220129,11969779,12938412,16939691,21522115,17994644,0,21997434,34843304,27380830,23771884,1948343,33229794,76712001,0,8229229,21957068,15511206,27330977,36913315,2397,1052,485,484,418,459,551,619,433,0,464,996,836,1035,118,1109,2340,0,307,529,612,903,1098
44344,20242,R,전통시장,3130146,쌍문시장(쌍문역골목시장),CS300029,애완동물,150000000,8267,117677850,32322150,18958428,24572635,26188397,22122017,25836373,19010684,13311466,0,747020,30317521,31826251,86452078,657130,38039775,111960225,1676111,6950403,12814994,29191776,71797980,27568736,6855,1412,1337,1411,1334,1450,1323,951,461,0,58,1420,1850,4878,61,2285,5982,122,343,1009,1554,3870,1369
44345,20242,A,골목상권,3110416,노원초등학교,CS300029,애완동물,18949238,516,16308646,2640592,4265171,2921468,3671344,2296863,3153800,2640592,0,0,2013386,6237380,4989904,5708568,0,7389496,11559742,0,1499746,3795310,2182867,4452856,7018459,426,90,99,101,82,61,83,90,0,0,48,152,156,160,0,191,325,0,39,121,40,113,203
44346,20242,D,발달상권,3120055,군자역,CS300029,애완동물,91345503,8858,62476686,28868817,12960077,12052501,8225622,14079038,15159448,15381810,13487007,5469196,5774785,11747424,12028249,35100580,21225269,31074420,60271083,475417,22660738,36909795,8726721,13863530,8709302,5820,3038,1149,996,893,1378,1404,1532,1506,384,689,1098,995,3241,2451,3309,5549,52,2013,4054,905,1110,724
45660,20242,A,골목상권,3110867,국제신학대학원대학교(남서울중학교),CS300029,애완동물,147755112,5058,111953109,35802003,21708234,29779966,19746511,20990154,19728244,17453431,18348572,3416152,10859738,26447284,38797425,51953337,16281176,55550203,92204909,94313,23397703,33110439,28845526,31638482,30668649,3652,1406,787,940,661,604,660,745,661,140,337,941,1153,1911,576,1912,3146,28,1119,1261,766,963,921
45661,20242,D,발달상권,3120185,논현역,CS300029,애완동물,11886030,117,11093121,792909,2277675,5652008,0,3163438,0,33684,759225,0,0,1012300,5314575,5559155,0,5778546,4589034,0,1560629,4125063,3964842,717046,0,102,15,25,51,0,26,0,7,8,0,0,8,59,50,0,42,58,0,18,49,24,8,0
45662,20242,D,발달상권,3120225,잠실새내역(신천),CS300029,애완동물,42818971,1184,28558012,14260959,15363094,3446156,2231161,3428645,4088956,3739877,10521082,0,132740,6639823,7758792,16262791,12024825,26680509,16138462,0,10217030,12917849,6717289,9107335,3859468,867,317,167,198,124,187,191,215,102,0,11,339,441,384,9,340,844,0,76,98,359,464,187
45663,20242,A,골목상권,3111060,암사역 2번(서울강동초등학교),CS300029,애완동물,4212344,150,3715202,497142,1528845,812534,812533,486451,74839,0,497142,0,0,1170689,1796127,1245528,0,609400,3602944,358156,0,74839,470414,1261566,2047369,129,21,33,32,33,20,11,0,21,0,0,44,32,74,0,21,129,11,0,11,32,54,42
45666,20242,A,골목상권,3110118,왕십리역 9번,CS300029,애완동물,5887298,438,3417791,2469507,918991,1358875,352007,492511,295407,1467107,1002400,0,287464,779479,1701448,2925278,193629,1640381,3812494,52131,1008358,1440795,679189,1920396,352006,279,159,79,60,40,45,55,94,65,0,40,30,130,203,35,135,298,15,99,119,40,120,40
45667,20242,A,골목상권,3110544,망리단길,CS300029,애완동물,117000000,7368,85066426,31933574,17685335,19538838,13428402,18273153,16140698,15279262,16654312,0,3529463,21540984,28946544,58144590,4838419,50968879,66031121,0,11783137,13616439,17378478,47282484,26939462,5275,2093,1028,1047,1092,1076,1032,995,1098,0,283,1516,1816,3375,378,2660,4708,0,767,1111,1241,2583,1666
46982,20242,D,발달상권,3120160,사당역(사당),CS300029,애완동물,25350015,592,15185060,10164955,2456782,3831551,3406075,2492067,2998585,6158117,4006838,0,1176942,7848634,8418665,6793484,1112290,6531460,18818555,0,1427128,6544208,6339098,7214860,3824721,392,200,59,95,82,54,102,127,73,0,32,127,219,168,46,145,447,0,37,136,136,178,105
46983,20242,A,골목상권,3110507,명지대학교,CS300029,애완동물,68147049,2359,41369510,26777539,4059721,12139474,14990153,5049664,5130498,17445963,9331576,0,1978457,19101853,21850191,23057274,2159274,25833458,38746706,0,1879173,4713546,21349679,12510864,24126903,1419,940,191,345,431,237,215,528,412,0,110,535,766,906,42,974,1322,0,65,153,642,502,934
47166,20242,A,골목상권,3110564,홍대입구역 3번,CS300029,애완동물,50230991,60,24450267,25780724,5623059,3162971,0,7631295,8032942,100412,25680312,0,0,7606192,28868385,13756414,0,36876225,13354766,0,5723471,1004118,3162971,33311607,7028824,30,30,5,5,0,10,10,15,15,0,0,10,20,30,0,30,30,0,20,5,5,25,5
47257,20242,D,발달상권,3120236,장지역(가든파이브),CS300029,애완동물,700066,41,700066,0,0,700066,0,0,0,0,0,0,0,700066,0,0,0,0,700066,0,0,0,0,0,700066,41,0,0,41,0,0,0,0,0,0,0,41,0,0,0,0,41,0,0,0,0,0,41
48528,20242,A,골목상권,3110314,종암경찰서,CS300029,애완동물,6845719,165,5494590,1351129,1065891,292744,1065891,1125941,1944123,1351129,0,0,0,2799839,2995002,1050878,0,2904927,3940792,0,0,675565,2026693,3580490,562971,149,16,29,23,23,30,44,16,0,0,0,75,67,23,0,60,105,0,0,16,30,96,23
48529,20242,A,골목상권,3111066,암사동성당(효정하나플러스아파트),CS300029,애완동물,10162553,179,5819839,4342714,801761,0,891370,2617511,1509197,2476026,1866688,0,235812,2809936,4055965,3060840,0,4126709,6035844,0,896086,2782582,4314415,1485615,683855,99,80,15,0,14,38,32,48,32,0,5,52,71,51,0,71,108,0,14,52,80,19,14
49910,20242,D,발달상권,3120245,둔촌역,CS300029,애완동물,78167009,638,55360002,22807007,13368220,10134853,7781903,14437527,9637499,20412134,2394873,0,2531560,18479293,42268599,14887557,0,24299008,53868001,0,269351,23043048,12283635,14733929,27837046,384,254,110,86,63,57,68,174,80,0,34,230,219,155,0,230,408,0,18,166,104,201,149
49911,20242,D,발달상권,3120081,노원역,CS300029,애완동물,5219321,129,2861254,2358067,419322,468653,912641,863310,197328,2358067,0,0,493320,2811920,1914081,0,0,665982,4553339,0,591984,73998,1652620,1751285,1149434,80,49,10,10,20,35,5,49,0,0,10,64,55,0,0,15,114,0,10,15,34,40,30
49912,20242,D,발달상권,3120113,오목교역,CS300029,애완동물,112001779,844,70296075,41705704,6283798,8071016,6575958,26465776,22899527,31348601,10357103,0,71499,21206912,20276383,58766419,11680566,50986308,61015471,592217,17999264,39981023,25729174,19533759,8166342,487,357,68,119,111,99,90,217,140,0,8,92,282,389,73,330,514,54,164,289,207,105,25
49913,20242,A,골목상권,3110804,신풍역 1번,CS300029,애완동물,5503449,109,5250001,253448,1013793,1882760,905172,289655,1158621,253448,0,0,0,2027586,2643105,832758,0,2751724,2751725,0,0,1339656,1520689,832759,1810345,102,7,21,30,15,7,29,7,0,0,0,44,44,21,0,50,59,0,0,14,28,22,45
51208,20242,D,발달상권,3120049,왕십리역(왕십리),CS300029,애완동물,33422391,863,24108974,9313417,1754151,4159138,7936460,5014245,5244980,3801216,5512201,0,4761413,9923400,10459128,8278450,0,12608308,20814083,0,2166836,6208768,8884919,9494786,6667082,600,263,41,93,193,134,139,103,160,0,133,216,262,252,0,335,528,0,69,160,201,247,186
51209,20242,R,전통시장,3130221,"남부골목시장(남부화곡시장, 남부시장)",CS300029,애완동물,144557640,11593,95549095,49008545,16283484,14570819,36326047,11681247,16687498,30204370,18804175,0,15413978,30090192,56921931,42131539,0,61743740,82813900,0,15870688,8616019,22343680,50975911,46751342,7642,3951,1669,790,2373,1317,1493,2107,1844,0,439,2634,5094,3426,0,4830,6763,0,790,965,2722,3339,3777
51288,20242,D,발달상권,3120110,목동역 8번출구,CS300029,애완동물,3947858,6,0,3947858,0,0,0,0,0,3947858,0,0,0,0,0,3947858,0,3947858,0,0,0,0,3947858,0,0,0,6,0,0,0,0,0,6,0,0,0,0,0,6,0,6,0,0,0,0,6,0,0
52531,20242,D,발달상권,3120178,신사역,CS300029,애완동물,106718957,856,73253565,33465392,14137289,14545498,19768977,10803140,13998661,27507176,5958216,0,21884114,29780174,30536996,23367037,1150636,43508878,61236491,0,10293735,18825423,18639309,47914406,9072496,614,242,159,101,124,80,150,152,90,0,143,254,240,182,37,293,506,0,72,132,193,327,76
52532,20242,R,전통시장,3130072,성동용답상가시장,CS300029,애완동물,52982387,3261,38042337,14940050,5558779,9732728,8288361,7091322,7371147,10303985,4636065,0,1213235,9967292,12325365,25820655,3655840,16729926,36252461,0,8320300,7347399,9063133,15536573,12714982,2397,864,371,594,491,499,442,529,335,0,80,666,793,1463,259,1040,2221,0,474,566,409,1029,783
52533,20242,R,전통시장,3130112,사가정시장,CS300029,애완동물,6232221,248,4152526,2079695,1077599,1736510,302002,809914,226501,857961,1221734,0,329457,1564919,1551191,2786654,0,3033745,3198476,0,0,302001,212773,2189515,3527932,171,77,41,61,28,27,14,49,28,0,21,76,82,69,0,83,165,0,0,28,21,68,131
52534,20242,D,발달상권,3120108,신정네거리역,CS300029,애완동물,32426650,656,21321335,11105315,2345269,6503616,3234557,3536448,5701445,7189344,3915971,0,2134807,9703671,15172229,5415943,0,11730660,20695990,0,706427,4830272,6106843,11113939,9669169,406,250,43,146,70,61,86,172,78,0,70,190,250,146,0,241,415,0,26,96,129,233,172
52535,20242,A,골목상권,3110752,한울중학교,CS300029,애완동물,2135931,50,1915732,220199,302774,0,979886,440398,192674,220199,0,0,0,401864,1348719,385348,0,357823,1778108,0,302774,0,0,688122,1145035,44,6,6,0,21,11,6,6,0,0,0,11,27,12,0,11,39,0,6,0,0,17,27
53879,20242,D,발달상권,3120171,서초3동사거리,CS300029,애완동물,7389561,158,6436948,952613,378324,1692932,1311885,2231838,821969,952613,0,0,1959663,2106637,2950380,372881,0,1790914,3856726,0,193244,479029,272176,3750577,952614,142,16,11,21,39,39,32,16,0,0,55,39,38,26,0,38,103,0,16,10,10,76,27
53880,20242,D,발달상권,3120186,가로수길,CS300029,애완동물,58769305,660,19392558,39376747,4748770,3937825,3603520,4594130,2508313,2182211,37194536,0,2144474,5955960,7262827,43406044,0,7218525,51550780,0,1886874,39282403,3598188,8045880,5955960,513,147,122,95,95,111,90,77,70,0,57,148,196,259,0,164,496,0,49,112,115,249,135
53881,20242,A,골목상권,3111005,삼전역 3번,CS300029,애완동물,18727174,968,10723130,8004044,2332759,1703105,1540849,2178276,2968141,3908021,4096023,1341379,480000,6059152,3974229,4731724,2140690,7255875,11471299,0,3242037,6082746,5311167,700346,3390878,606,362,155,95,90,129,137,179,183,83,49,180,141,364,151,351,617,0,158,392,294,41,83
53882,20242,A,골목상권,3110464,연신내역 5번,CS300029,애완동물,6992820,647,4982211,2010609,794125,789121,862333,1444437,1092195,1180040,830569,1247159,486810,977101,1007233,2097253,1177264,3110306,3882514,0,1542453,3406746,810008,814250,419363,463,184,97,104,65,110,87,76,108,93,49,87,81,217,120,282,365,0,158,315,71,55,48
53883,20242,D,발달상권,3120093,연희동,CS300029,애완동물,19874706,491,7898721,11975985,971026,1049335,4040720,1754111,83529,4364396,7611589,0,835291,4019838,11657531,3205429,156617,8932394,9616288,167058,2391021,6473506,2683372,1921170,4912555,355,136,31,83,126,94,21,95,41,0,10,137,188,146,10,146,313,20,41,62,74,30,230
55271,20242,R,전통시장,3130073,뚝도시장,CS300029,애완동물,167869703,3901,120049849,47819854,26444930,6012303,26062193,18770885,42759538,43571031,4248823,0,7749136,56540357,56278741,46303455,998014,54810790,72484346,0,15655727,23353994,28927849,26820396,32537168,2713,1188,557,436,387,532,801,922,266,0,192,1213,1163,1237,96,1551,1987,0,315,556,630,777,1259
55272,20242,D,발달상권,3120058,구의사거리,CS300029,애완동물,13379918,350,9492037,3887881,1119308,1344693,2143437,1934042,2950557,1755105,2132776,0,1876934,5459482,2086329,3191932,765241,4119358,9260560,0,129443,1591397,4429262,3491175,3738641,236,114,31,45,68,38,54,60,54,0,45,106,61,115,23,83,267,0,16,68,129,68,69
55273,20242,D,발달상권,3120057,아차산역,CS300029,애완동물,36335354,21,23194307,13141047,0,0,23194307,0,0,0,13141047,0,0,13141047,23194307,0,0,21040037,15295317,0,13141047,15295317,0,0,7898990,14,7,0,0,14,0,0,0,7,0,0,7,14,0,0,14,7,0,7,7,0,0,7
55326,20242,A,골목상권,3110255,상봉역 4번,CS300029,애완동물,21078291,14,21078291,0,0,0,0,21078291,0,0,0,0,0,0,0,0,21078291,0,21078291,0,0,0,0,0,21078291,14,0,0,0,0,14,0,0,0,0,0,0,0,0,14,0,14,0,0,0,0,0,14
56595,20242,A,골목상권,3111004,삼전역 1번,CS300029,애완동물,315122653,8635,194473515,120649138,26171693,32578961,59361878,34822222,41538761,63964729,56684409,11938962,16749748,56673276,107665875,98322417,23772375,134566035,180556618,401628,53295301,69628791,78399890,67842364,45554679,5728,2907,1072,1141,1384,990,1141,1506,1401,486,642,1571,1862,2642,1432,3353,5282,39,1208,2153,2062,1746,1427
56597,20242,D,발달상권,3120156,"총신대입구역(이수, 총신대)",CS300029,애완동물,57081443,678,39770261,17311182,6725565,11392292,11313347,3061049,7278008,7048038,10263144,1581148,3890203,6292032,20131467,21925280,3261313,16653301,40428142,0,11663475,9401250,11694249,2745711,21576758,438,240,102,80,90,63,103,85,155,13,57,94,161,291,62,205,473,0,67,147,166,62,236
56598,20242,A,골목상권,3110032,수족관거리,CS300029,애완동물,25300318,1050,24345589,954729,0,1718512,12888841,3723443,6014793,954729,0,0,0,0,17376068,7924250,0,21004038,4296280,0,0,0,0,10502018,14798300,955,95,0,192,286,286,191,95,0,0,0,0,764,286,0,668,382,0,0,0,0,286,764
56599,20242,A,골목상권,3110254,오거리공원,CS300029,애완동물,11289949,263,7260307,4029642,868458,764243,2014822,1973137,1639647,1354794,2674848,0,69477,1903658,4245022,5071792,0,5634553,5238536,0,1042150,5141268,2466420,972672,1250578,179,84,21,21,49,47,41,35,49,0,7,63,103,90,0,125,132,0,28,103,63,35,28
56600,20242,A,골목상권,3110249,중화역 1번,CS300029,애완동물,956351,169,731327,225024,281280,0,0,450047,0,225024,0,0,0,0,281280,675071,0,225024,731327,0,450047,0,0,506304,0,113,56,56,0,0,57,0,56,0,0,0,0,56,113,0,56,113,0,56,0,0,113,0
56601,20242,A,골목상권,3110422,노원역 9번,CS300029,애완동물,70039941,438,48457175,21582766,20549901,716449,12788696,2939908,11462221,9551377,12031389,0,304063,18736927,15549966,15684896,19764089,43874376,26165565,12675623,29368675,1819627,4958126,2027720,19190170,267,171,67,38,76,57,29,86,85,0,9,58,198,144,29,162,276,38,132,77,95,39,57
56602,20242,D,발달상권,3120096,"이화여대(이대역, 이대)",CS300029,애완동물,30392732,132,20724102,9668630,34079,7041077,1761713,7532047,4355186,34079,9634551,0,0,178482,150178,28042433,2021639,7942149,22450583,1126341,13018195,103970,11812144,0,4332082,97,35,6,17,34,28,12,6,29,0,0,12,23,91,6,74,58,17,46,40,23,0,6
56603,20242,R,전통시장,3130202,신영시장,CS300029,애완동물,72262290,3394,47505939,24756351,9055822,8717312,7752755,12599292,9380758,13590718,11165633,0,2612784,19394407,21916472,26467887,1870740,31325700,40936590,0,3514720,8477463,14885895,17072648,28311564,2251,1143,459,466,406,446,474,658,485,0,170,823,997,1337,67,1520,1874,0,134,461,817,766,1216
57979,20242,D,발달상권,3120145,영등포역(영등포),CS300029,애완동물,224579953,3361,137562411,87017542,33558139,45641452,15475459,30131548,12755813,32713096,54304446,0,3984363,97492141,40225975,81737220,1140254,67769558,156810395,0,68323472,47509129,64928694,21153537,22665121,2112,1249,537,378,372,448,377,589,660,0,77,833,935,1439,77,1092,2269,0,651,1026,878,547,259
57980,20242,D,발달상권,3120230,송파사거리(송파역),CS300029,애완동물,11103668,284,8598978,2504690,1720255,1136285,2854246,1727136,1161056,1300512,1204178,0,1137661,2371657,2846448,4435963,311939,4018085,7085583,0,854474,2605078,2088034,1331397,4224685,207,77,42,37,51,45,32,45,32,0,23,50,92,109,10,98,186,0,19,51,70,32,112
57981,20242,R,전통시장,3130024,남대문시장(자유상가),CS300029,애완동물,512318471,6752,512318471,0,54089172,87426751,286547771,20382165,63872612,0,0,0,37197453,131783438,343337580,0,0,148522293,363796178,0,0,3630573,56458598,107974522,344254778,6752,0,1654,1784,1275,637,1402,0,0,0,1019,2801,2932,0,0,3312,3440,0,0,127,892,2419,3314
57982,20242,U,관광특구,3001492,명동 남대문 북창동 다동 무교동 관광특구,CS300029,애완동물,512318471,6752,512318471,0,54089172,87426751,286547771,20382165,63872612,0,0,0,37197453,131783438,343337580,0,0,148522293,363796178,0,0,3630573,56458598,107974522,344254778,6752,0,1654,1784,1275,637,1402,0,0,0,1019,2801,2932,0,0,3312,3440,0,0,127,892,2419,3314
57983,20242,D,발달상권,3120067,장안동사거리,CS300029,애완동물,54546422,2048,37879070,16667352,7197586,9112621,7229258,6060905,8278700,9879935,6787417,0,0,13835077,18926349,20651175,1133821,26912829,27633593,348868,2895314,6656804,8602888,18325569,17716979,1420,628,235,331,272,271,311,351,277,0,0,465,673,859,51,1049,999,6,130,364,338,630,580
57984,20242,R,전통시장,3130241,선유도역 골목형상점가,CS300029,애완동물,37167922,1183,22354694,14813228,8049764,6670101,663898,3879655,3091276,8941879,5871349,0,518670,3485465,17510314,15653473,0,14150541,21274648,726139,106178,14112480,9666727,6531179,4282486,851,332,187,292,62,144,166,146,186,0,21,207,518,437,0,505,614,21,22,231,360,274,212
59336,20242,D,발달상권,3120208,청담사거리(청담동명품거리),CS300029,애완동물,498140130,1795,420247408,77892722,123162928,95558699,4734235,144460047,52331499,77892722,0,0,0,140461092,234344601,123334437,0,37655372,460484758,0,56774395,89477029,136965042,66855022,148068642,1504,291,364,365,108,339,328,291,0,0,0,547,800,448,0,328,1467,0,36,474,765,266,254
59337,20242,D,발달상권,3120237,경찰병원역,CS300029,애완동물,9615426,217,8366585,1248841,443713,793230,3084174,1755020,2290448,371331,877510,0,342080,4070258,4125288,1077800,0,3098551,6516875,0,371826,946422,1747583,1812033,4737562,177,40,15,20,63,35,44,20,20,0,10,88,89,30,0,70,147,0,15,25,35,50,92
59338,20242,A,골목상권,3110654,까치산역 4번,CS300029,애완동물,26504111,426,20821129,5682982,3470188,5270895,3769242,3478064,4832740,5682982,0,0,4206011,9124441,10960698,2212961,0,4211835,22292276,0,1419845,9491770,3059876,2171363,10361257,337,89,45,103,84,60,45,89,0,0,66,127,177,56,0,105,321,0,39,133,78,33,143
60719,20242,D,발달상권,3120194,언주역(차병원),CS300029,애완동물,76087612,1683,37588214,38499398,2116698,1693359,5321985,0,28456172,22767889,15731509,0,8202743,21805831,27919166,6487793,11672079,11363622,64723990,29006,13012525,28545562,28730403,4896026,874090,463,1220,6,6,6,0,445,661,559,0,148,660,713,156,6,423,1260,5,482,640,324,195,37
60720,20242,D,발달상권,3120248,명일역,CS300029,애완동물,84892616,5250,54068377,30824239,7673056,11622279,12234052,10169145,12369845,15014328,15809911,464779,7908246,16565457,15802493,32330570,11821071,31432495,53460121,156948,9012787,15962627,23371125,19616809,16772320,3528,1722,532,714,798,686,798,924,798,28,546,910,1036,1946,784,2035,3215,28,646,1109,1025,1137,1305
60721,20242,R,전통시장,3130110,면목골목시장(면목시장),CS300029,애완동물,241169339,13357,175185449,65983890,26396569,41756491,41696235,36579609,28756545,27641832,38342058,0,17478877,54666054,58246186,106108484,4669738,56041870,185127469,311316,15410133,49323473,42499631,93123601,40501185,9440,3917,1758,1807,1908,2009,1958,1808,2109,0,1054,2661,3866,5374,402,3967,9390,50,1557,3515,2159,4167,1909
60722,20242,A,골목상권,3110646,푸른들청소년도서관,CS300029,애완동물,12415993,283,9147139,3268854,1836964,1836965,3551463,1017396,904351,3268854,0,0,0,3975378,4465237,3975378,0,6330460,6085533,0,357972,3796391,1045657,4710166,2505807,207,76,47,47,57,27,29,76,0,0,0,67,103,113,0,113,170,0,10,46,28,143,56
60723,20242,D,발달상권,3120131,가산디지털단지,CS300029,애완동물,255427262,4577,93615553,161811709,16622789,11293295,0,31784708,33914761,57078986,104732723,0,0,39767395,139730386,75929481,0,115624944,139802318,1351446,65786659,59252199,103342042,15960144,9734772,2571,2006,479,436,0,654,1002,1091,915,0,0,872,2571,1134,0,1963,2614,88,1480,1090,1308,523,88
63118,20242,D,발달상권,3120221,봉은사역,CS300029,애완동물,45035478,240,12680666,32354812,2453295,0,1051412,0,9175959,10402606,21952206,0,0,21569875,12855901,7423605,3186097,6372194,37611872,0,0,0,8475017,33055753,2453295,80,160,16,0,16,0,48,64,96,0,0,96,96,32,16,16,208,0,0,0,48,160,16
63119,20242,D,발달상권,3120094,"신촌역(신촌역, 신촌로터리)",CS300029,애완동물,67023137,2123,46653652,20369485,7089569,9139135,11125362,7551911,11747675,6140378,14229107,1326463,3992795,14216124,15841723,25207442,6438590,21776516,45246621,0,8333400,21480688,9910457,10609488,16689104,1550,573,241,291,360,259,399,282,291,51,115,568,528,672,189,685,1438,0,255,587,452,396,433
63120,20242,D,발달상권,3120104,연남동(홍대),CS300029,애완동물,5305480,72,3521188,1784292,1413493,0,0,2085391,22304,696989,1087303,0,0,432134,1979449,2893897,0,2835352,2470128,0,0,1352158,1087303,2169030,696989,48,24,16,0,0,26,6,12,12,0,0,18,21,33,0,34,38,0,0,21,12,27,12
63121,20242,A,골목상권,3110660,등촌3동주민센터,CS300029,애완동물,70113701,2817,48326379,21787322,8590261,9404152,10594691,10442865,9294410,14170214,7617108,2125096,8928305,11940674,13004633,25146266,8968727,20658477,47442870,194860,5391708,16507711,16347855,15483870,14175343,1956,861,356,428,428,366,378,517,344,58,326,395,461,1227,350,1061,1698,15,268,624,786,598,467
64752,20242,R,전통시장,3130290,영림시장,CS300029,애완동물,27471412,1989,20977762,6493650,3664876,3196880,3510874,4778842,5826290,3998047,2495603,1688444,1468108,4864530,4917861,9242487,5289982,8141526,19329886,41946,7482975,7532892,4177815,5139575,3096209,1342,647,228,204,282,305,323,335,312,168,114,288,366,639,414,654,1335,6,627,522,390,252,192
64753,20242,U,관광특구,3001494,종로?청계 관광특구,CS300029,애완동물,693240148,13552,422622154,270617994,18210051,114338178,78969463,61471512,149632950,177902107,92715887,0,84774006,77898885,414194864,111451132,4921261,401612546,211552102,0,18886064,52156371,68259708,69464081,404398420,8794,4758,879,1879,2289,1874,1873,2016,2742,0,1187,3174,5733,3280,178,7777,5012,0,742,1893,2270,1946,5935
64754,20242,R,전통시장,3130018,동대문문구완구거리(동대문문구완구시장),CS300029,애완동물,425991867,4145,266128789,159863078,0,77966302,34016462,30300377,123845648,123202479,36660599,0,35945966,32944515,305647914,51453472,0,244475453,127275879,0,11505568,41877408,41234240,16436525,260697589,2429,1716,0,429,642,571,787,572,1144,0,214,1001,1858,1072,0,2573,1287,0,500,1214,786,357,1000
64755,20242,D,발달상권,3120076,수유역,CS300029,애완동물,23359606,29,23359606,0,2479167,9359606,11520833,0,0,0,0,0,0,4679803,2479167,16200636,0,23140856,218750,0,0,23140856,218750,0,0,29,0,4,10,15,0,0,0,0,0,0,5,4,20,0,17,12,0,0,17,12,0,0
64756,20242,A,골목상권,3110376,수송초등학교,CS300029,애완동물,3030767,241,2513571,517196,0,341349,482716,0,1689506,0,517196,0,482716,861993,1686058,0,0,1479180,1551587,0,0,134471,0,2689418,206878,206,35,0,68,70,0,68,0,35,0,69,69,103,0,0,69,172,0,0,34,0,173,34
64757,20242,R,전통시장,3130147,쌍문역동측상점가,CS300029,애완동물,36982555,1850,30040865,6941690,5928953,5316505,6972989,6018328,5804090,4583832,2357858,637851,1078949,6349211,8952952,15643477,4320115,14977487,22005068,103890,6075891,8179242,4170677,9106909,9345946,1398,452,301,241,336,269,251,262,190,35,46,223,409,852,285,674,1176,12,318,549,190,423,358
67871,20241,D,발달상권,3120049,왕십리역(왕십리),CS300029,애완동물,42077315,1043,28122582,13954733,1697881,6972667,6738077,6416333,6297624,6130045,7824688,0,3442114,11726577,15442280,11466344,0,13196000,28881315,43680,7214497,8205359,7207896,12204432,7201451,657,386,51,149,149,159,149,175,211,0,103,294,390,256,0,314,729,5,139,238,187,298,176
67872,20241,A,골목상권,3110032,수족관거리,CS300029,애완동물,41912602,954,10692965,31219637,6587630,3818916,286419,0,0,22818022,8401615,0,0,3818916,18044378,12697895,7351413,27591667,286419,0,0,0,11647693,5823847,10406546,285,669,95,95,95,0,0,479,190,0,0,95,478,286,95,668,95,0,0,0,382,190,190
67873,20241,A,골목상권,3110314,종암경찰서,CS300029,애완동물,5326449,144,4223027,1103422,1025356,1463723,300251,900752,532945,1103422,0,0,0,1463722,3412351,450376,0,2379487,2946962,0,472895,345288,750627,3385328,372311,106,38,29,30,8,23,16,38,0,0,0,38,98,8,0,60,84,0,15,8,15,90,16
67874,20241,D,발달상권,3120096,"이화여대(이대역, 이대)",CS300029,애완동물,63704708,237,34708639,28996069,7566703,10350787,9264880,3095994,4430275,46209,28949860,0,0,8750805,19245995,35707908,0,23404794,40299914,0,26974431,6376824,16230867,14122586,0,127,110,11,46,35,23,12,30,80,0,0,18,115,104,0,93,144,0,82,80,41,34,0
67875,20241,D,발달상권,3120093,연희동,CS300029,애완동물,28243278,418,5408509,22834769,1012790,1837640,1075437,62647,1419995,20892717,1942052,0,104411,10608196,8018795,9365700,146176,10743931,13416862,730880,5544245,4343513,10368050,605586,2568519,198,220,31,42,74,10,41,168,52,0,10,146,115,137,10,178,219,10,52,41,116,31,147
67876,20241,D,발달상권,3120160,사당역(사당),CS300029,애완동물,19426604,528,12175547,7251057,3043432,736215,1988281,3365553,3042066,5686657,1564400,0,749419,5801164,8273653,3283601,1318767,5721715,13704889,0,1869904,6101660,2164254,4718923,4571863,345,183,86,32,54,73,100,128,55,0,27,124,212,128,37,150,378,0,55,132,90,128,123
67877,20241,D,발달상권,3120237,경찰병원역,CS300029,애완동물,31605228,402,7483128,24122100,1741634,1224548,2598322,937003,981621,16622119,7499981,0,121463,5079146,16362336,10042283,0,16665158,14940070,862670,2911647,10945670,4199157,7217646,5468438,225,177,60,50,50,35,30,117,60,0,15,104,203,80,0,176,226,5,20,81,50,96,150
68030,20241,A,골목상권,3110716,구로나눔길,CS300029,애완동물,5421028,59,1516258,3904770,0,0,0,0,1516258,503196,3401574,0,761834,1516258,2639740,503196,0,1265030,4155998,0,1817878,503196,1560723,1539231,0,15,44,0,0,0,0,15,7,37,0,7,15,30,7,0,15,44,0,22,7,15,15,0
68031,20241,A,골목상권,3110128,성원중학교,CS300029,애완동물,77525467,53,32079504,45445963,0,0,0,32079504,0,45445963,0,0,0,0,32079504,45445963,0,77525467,0,0,32079504,0,0,45445963,0,26,27,0,0,0,26,0,27,0,0,0,0,26,27,0,53,0,0,26,0,0,27,0
70655,20241,D,발달상권,3120067,장안동사거리,CS300029,애완동물,46888692,1977,30597447,16291245,8608512,5546553,7325152,4530183,4587047,9428240,6863005,0,0,11026864,14472439,18989953,2399436,22550335,24338357,77526,3612075,6699912,5995288,14683981,15819910,1348,629,336,250,301,232,229,377,252,0,0,403,651,806,117,905,1072,6,168,380,284,541,598
70656,20241,R,전통시장,3130110,면목골목시장(면목시장),CS300029,애완동물,234144648,13005,167111321,67033327,40993265,30594311,35997148,34842265,24684332,41450196,25583131,0,9595557,50664140,71236089,101252962,1395900,52742879,181401769,502122,7497677,54260251,58082532,71618070,42183996,9439,3566,2058,1958,2210,1858,1355,1708,1858,0,452,2561,4319,5523,150,3326,9679,50,1007,3934,2269,3727,2018
70657,20241,U,관광특구,3001492,명동 남대문 북창동 다동 무교동 관광특구,CS300029,애완동물,1141605095,7643,1141605095,0,302484077,58025477,674394904,65566879,41133758,0,0,0,18726115,1006598726,116280254,0,0,122231323,1019373772,0,0,8034242,48109078,96522284,988939491,7643,0,1528,1912,1401,1528,1274,0,0,0,382,4587,2674,0,0,3380,4263,0,0,390,790,2973,3490
70658,20241,A,골목상권,3110118,왕십리역 9번,CS300029,애완동물,2610509,144,1391146,1219363,368391,297890,258171,275548,191146,327679,891684,0,148945,421018,654861,1385685,0,785933,1824576,0,726851,700538,523790,275548,383782,114,30,44,15,15,25,15,10,20,0,25,35,35,49,0,65,79,0,30,34,25,30,25
70659,20241,D,발달상권,3120076,수유역,CS300029,애완동물,15270936,10,15270936,0,5418719,0,9852217,0,0,0,0,0,0,0,0,15270936,0,15270936,0,0,0,15270936,0,0,0,10,0,5,0,5,0,0,0,0,0,0,0,0,10,0,10,0,0,0,10,0,0,0
70660,20241,D,발달상권,3120113,오목교역,CS300029,애완동물,113153709,1259,74989627,38164082,29563663,7951017,20601876,8550861,8322210,10080478,28083604,0,0,24063483,25093856,55145220,8851150,35155216,77998493,637132,17476485,30594197,37345450,26647906,452539,710,549,186,190,96,103,135,256,293,0,0,233,417,499,110,409,850,70,234,372,354,218,11
70661,20241,A,골목상권,3110654,까치산역 4번,CS300029,애완동물,30430424,398,26634559,3795865,1826386,2646401,6237055,8522670,7402047,3795865,0,0,2995539,11089759,12010719,4334407,0,8437092,21993332,0,5412601,4696579,6611427,4054321,9655496,325,73,28,40,56,103,98,73,0,0,34,143,165,56,0,117,281,0,45,83,93,72,105
70662,20241,A,골목상권,3110892,관악구 중앙길,CS300029,애완동물,12397345,261,6242137,6155208,480113,2296919,133736,0,3331369,424612,5730596,0,0,3396899,6362500,2637946,0,7104735,5292610,120363,1899054,4851949,4173906,1138095,213978,188,73,34,60,7,0,87,20,53,0,0,33,155,73,0,141,120,7,46,68,94,33,13
70663,20241,R,전통시장,3130290,영림시장,CS300029,애완동물,20932221,1479,15871623,5060598,4007635,3556415,2448923,3409606,2449044,3057979,2002619,2392717,314595,3371974,2732958,7836698,4283279,5021528,15910693,105464,7211585,5631662,3536043,2459230,1988237,1077,402,251,227,192,210,197,228,174,120,54,216,246,496,347,354,1125,12,483,396,282,210,96
70664,20241,D,발달상권,3120207,선정릉역,CS300029,애완동물,187293187,251,102576692,84716495,2681963,3687699,16846079,37798910,41562041,65280647,19435848,0,2598151,12404077,75991736,57913632,38385591,77265669,110027518,0,22545249,63185364,39793621,61768953,0,167,84,16,8,42,41,60,68,16,0,8,25,67,109,42,109,142,0,58,67,75,51,0
70788,20241,A,골목상권,3110464,연신내역 5번,CS300029,애완동물,2090019,250,1619526,470493,207234,306772,377481,237693,490346,170247,300246,232255,0,279848,646178,574925,356813,571662,1518357,0,1087299,620071,195812,186837,0,163,87,28,21,27,21,66,22,65,16,0,33,66,60,75,65,185,0,130,60,22,38,0
73340,20241,R,전통시장,3130146,쌍문시장(쌍문역골목시장),CS300029,애완동물,150000000,7765,103320210,46679790,14397361,19280883,20798710,25836944,23006312,31585041,15094749,0,1068542,33160638,44941321,70570348,259151,36628565,113371435,698963,6323549,14898344,20299067,67884045,39896032,5856,1909,1058,1133,996,1364,1305,973,936,0,76,1581,2171,3921,16,1903,5862,58,432,1088,1086,3197,1904
73341,20241,R,전통시장,3130147,쌍문역동측상점가,CS300029,애완동물,30232315,1801,24559899,5672416,6343316,4754750,3709071,4323521,5429241,3123859,2548557,423106,749286,5189526,8585691,12593002,2691704,13659744,16572571,28286,4242204,5817805,2789316,7236071,10118633,1380,421,293,268,243,262,314,197,224,40,110,245,380,749,277,684,1117,18,321,449,158,402,453
73342,20241,A,골목상권,3110544,망리단길,CS300029,애완동물,117000000,7358,76449267,40550733,13748772,15354117,12658349,15153747,19534282,15285220,25265513,0,6566598,22488068,41410020,42993959,3541355,53881927,63118073,188922,8401866,14636528,18566799,43870107,31335778,4911,2447,893,947,849,1016,1206,1005,1442,0,292,1372,2529,2830,335,2847,4511,26,630,1353,1184,2214,1951
73343,20241,D,발달상권,3120156,"총신대입구역(이수, 총신대)",CS300029,애완동물,41175855,621,26088271,15087584,6320579,3131074,2846066,2161645,11628907,9089927,5997657,111505,3546766,5597576,15472947,13910534,2536527,13537659,27638196,0,1116839,11168167,9265214,6455722,13169913,419,202,115,67,90,53,94,108,94,4,44,76,160,279,58,206,415,0,26,162,166,89,178
73344,20241,D,발달상권,3120248,명일역,CS300029,애완동물,93109548,5446,64951490,28158058,9094832,11854669,17083434,14262561,12655994,13591011,14567047,4259590,4575834,19802112,26206826,26330301,11934885,35490215,57619333,70195,12381153,20563672,16463698,22729785,20901045,3654,1792,532,714,784,812,812,882,910,154,392,980,1428,1610,882,2180,3266,14,792,1104,962,1258,1316
73345,20241,D,발달상권,3120245,둔촌역,CS300029,애완동물,71658810,603,51800026,19858784,11479312,11424868,8900086,12415438,7580322,17249693,2609091,0,3445861,17380178,29617465,21215306,0,36209971,35448839,0,3577379,22950125,18962288,19173920,6995098,449,154,69,116,103,74,87,91,63,0,23,172,277,131,0,241,362,0,52,179,108,166,98
73346,20241,A,골목상권,3111060,암사역 2번(서울강동초등학교),CS300029,애완동물,23654344,246,4244419,19409925,32074,1261565,534561,2341380,74839,18046794,1363131,0,598709,427649,18821909,3677782,128295,18698960,4955384,0,662856,1042396,823225,17865042,3260825,131,115,11,55,11,43,11,73,42,0,22,22,85,106,11,96,150,0,52,43,33,42,76
73347,20241,D,발달상권,3120194,언주역(차병원),CS300029,애완동물,101686779,859,49789113,51897666,0,544294,34653376,11067309,3524134,9380854,42516812,0,2919018,8199822,44722752,45845187,0,41125426,59857288,0,16238602,7492641,39943118,36550662,757690,164,695,0,6,6,6,146,335,360,0,95,323,335,106,0,272,561,0,210,300,159,120,45
75970,20241,D,발달상권,3120055,군자역,CS300029,애완동물,91392477,8501,60835646,30556831,10103065,9572305,10858995,13988408,16312873,15373385,15183446,6281291,2212646,10371125,15969501,38028565,18529349,30390634,61001843,319119,30538450,38376533,5650201,11560547,4947627,5794,2707,1046,944,893,1328,1583,1431,1276,536,205,970,1327,3855,1608,2604,5897,26,2758,3700,562,1021,434
75972,20241,R,전통시장,3130073,뚝도시장,CS300029,애완동물,164819949,3440,122353516,42466433,11765413,8466156,34298227,32764871,35058849,39109039,3357394,0,5951743,38619721,80931123,39317362,0,62650367,69055889,2422362,13412912,33833653,26748130,31654211,23634988,2496,944,340,315,508,583,750,775,169,0,144,824,1430,1042,0,1489,1588,24,271,684,514,711,872
75973,20241,R,전통시장,3130202,신영시장,CS300029,애완동물,74283944,3343,47504495,26779449,10157630,10438179,7876434,8535085,10497167,18957284,7822165,0,1819835,16180281,31471691,24304207,507930,23115758,50295934,7400,3241431,9024493,14212327,20340569,26585472,2230,1113,434,532,392,386,486,772,341,0,89,774,1301,1135,44,1168,2159,7,136,485,726,790,1183
75974,20241,R,전통시장,3130221,"남부골목시장(남부화곡시장, 남부시장)",CS300029,애완동물,199178453,13964,136073363,63105090,16757760,27086443,29124074,22809173,40295913,37397561,25707529,0,7122927,45187986,69824000,77043540,0,58537984,140640469,0,8853157,27358713,31592067,86125051,45249465,9486,4478,1318,2107,2196,1229,2636,2370,2108,0,703,3425,5006,4830,0,4128,9836,0,615,2196,1932,5357,3864
75975,20241,A,골목상권,3110416,노원초등학교,CS300029,애완동물,16941487,493,13203828,3737659,3377895,3547375,2169429,1983045,2126084,3737659,0,0,827894,4115197,6041460,5956936,0,5547324,11394163,0,1083631,4061449,652346,5393014,5751047,410,83,95,104,69,69,73,83,0,0,26,108,207,152,0,173,320,0,34,95,26,169,169
75976,20241,D,발달상권,3120081,노원역,CS300029,애완동물,3512436,84,2057143,1455293,848510,0,0,517986,690647,1455293,0,0,789312,1218499,1504625,0,0,591984,2920452,0,961973,197328,986639,675848,690648,59,25,20,0,0,20,19,25,0,0,15,30,39,0,0,15,69,0,10,10,19,25,20
75977,20241,A,골목상권,3110422,노원역 9번,CS300029,애완동물,112810189,571,52981062,59829127,17501672,338270,3078636,19635814,12426670,8576474,51252653,0,190039,46389547,30910845,35244692,75066,86985747,25824442,19004,41819101,3584142,28206585,1595380,37585977,353,218,67,38,18,125,105,104,114,0,10,114,245,192,10,314,257,10,134,77,140,59,151
75978,20241,A,골목상권,3110804,신풍역 1번,CS300029,애완동물,4670690,108,3729311,941379,1955173,36207,1050000,434483,253448,941379,0,0,253448,1846552,2317242,253448,0,3620690,1050000,0,0,1448276,253448,2425863,543103,87,21,45,7,21,7,7,21,0,0,7,35,59,7,0,79,29,0,0,21,7,66,14
75979,20241,R,전통시장,3130241,선유도역 골목형상점가,CS300029,애완동물,45518516,1410,25248876,20269640,10435649,2012441,6099564,3547706,3153516,8049765,12219875,0,1556011,14647252,11721951,17593302,0,31243037,10582546,0,1701239,6930152,11612971,14662753,6918467,973,437,290,124,186,207,166,145,292,0,62,373,435,540,0,846,502,0,83,275,422,359,209
75980,20241,D,발달상권,3120185,논현역,CS300029,애완동물,39564037,156,24842515,14721522,14955836,7583815,674867,1594313,33684,13877939,843583,13945307,0,160281,5061500,10695866,9701083,5297643,33507168,0,19267428,3787689,4470992,11278702,0,134,22,19,77,8,23,7,14,8,19,0,8,60,49,20,57,90,0,39,52,33,23,0
75981,20241,D,발달상권,3120189,강남역,CS300029,애완동물,160062885,294,60620738,99442147,2765774,2681963,7149107,25562457,22461437,24221475,75220672,0,0,8297322,73209200,61794096,16762267,47814366,112248519,2975302,25855796,20139864,37757006,73334917,0,193,101,8,16,42,85,42,50,51,0,0,25,117,135,17,92,202,17,51,42,59,125,0
75982,20241,A,골목상권,3111004,삼전역 1번,CS300029,애완동물,333882227,8545,190252799,143629428,45037905,35069502,23551980,34882165,51711247,73395713,70233715,9181621,19750440,52430834,102138041,128668738,21712553,133579474,200302753,448456,43274140,80148351,83502915,90427944,36080421,5535,3010,1029,1187,1027,1069,1223,1560,1450,470,386,1656,2067,2963,1003,3152,5393,60,1275,2167,1944,1698,1401
78755,20241,D,발달상권,3120058,구의사거리,CS300029,애완동물,15088196,412,9899024,5189172,2242422,2352832,2383289,1743685,1176796,3099036,2090136,0,487318,3232288,6986157,3841815,540618,3555896,10047502,0,1263981,1435303,1812213,4085474,5006428,268,144,69,55,53,46,45,84,60,0,16,84,144,145,23,91,282,0,38,53,46,106,129
78756,20241,R,전통시장,3130024,남대문시장(자유상가),CS300029,애완동물,1141605095,7643,1141605095,0,302484077,58025477,674394904,65566879,41133758,0,0,0,18726115,1006598726,116280254,0,0,122231323,1019373772,0,0,8034242,48109078,96522284,988939491,7643,0,1528,1912,1401,1528,1274,0,0,0,382,4587,2674,0,0,3380,4263,0,0,390,790,2973,3490
78757,20241,R,전통시장,3130072,성동용답상가시장,CS300029,애완동물,58351181,2898,39405760,18945421,5657999,8423271,9449823,8592229,7282438,8895226,10050195,201668,1584425,9418940,15853624,28230396,3062128,20619196,37731985,135014,11470000,7867661,11039505,15432584,12406417,2044,854,355,395,408,472,414,431,423,8,92,434,728,1410,226,1003,1895,8,559,578,295,828,630
78758,20241,A,골목상권,3110405,방학역 1번,CS300029,애완동물,69361099,2596,48179352,21181747,9512882,11350530,6263234,8911602,12141104,11553019,9628728,0,4405867,24326029,25033225,14580148,1015830,22853802,46507297,0,3535495,12500203,10964916,19879952,22480533,1812,784,382,348,287,331,464,440,344,0,165,792,888,696,55,952,1644,0,159,469,480,668,820
78759,20241,D,발달상권,3120108,신정네거리역,CS300029,애완동물,27651581,595,20000776,7650805,2760155,6262104,2794657,2070116,6113744,4157483,3493322,0,1319699,7590427,10566220,8175235,0,10307455,17344126,0,603784,5261546,4864773,8235613,8685865,413,182,68,104,60,52,129,104,78,0,35,171,225,164,0,233,362,0,18,69,113,207,188
78760,20241,A,골목상권,3110752,한울중학교,CS300029,애완동물,2246030,40,1998306,247724,0,0,787211,192674,1018421,247724,0,0,0,192674,638577,1414779,0,192674,2053356,0,0,0,198179,616557,1431294,34,6,0,0,16,6,12,6,0,0,0,5,17,18,0,6,34,0,0,0,6,12,22
78761,20241,D,발달상권,3120178,신사역,CS300029,애완동물,93655407,758,66157085,27498322,10898489,10164096,20330744,7979919,16783837,24054373,3443949,0,21032256,32273232,28891102,10861965,596852,26467571,66700992,0,6196605,15032880,20874048,28322476,22742554,527,231,104,82,158,57,126,184,47,0,127,204,235,168,24,233,506,0,70,123,182,200,164
78762,20241,D,발달상권,3120186,가로수길,CS300029,애완동물,140762058,599,136911194,3850864,3219172,4119130,3640026,121441694,4491172,2199849,1651015,0,2682643,8548362,7482277,6887092,115161684,7832473,132929585,0,976584,3270742,121610289,6718584,8185859,505,94,74,91,77,160,103,57,37,0,53,163,174,176,33,146,453,0,38,102,154,142,163
78894,20241,D,발달상권,3120110,목동역 8번출구,CS300029,애완동물,15253089,24,8673325,6579764,0,8673325,0,0,0,6579764,0,0,0,0,6579764,8673325,0,6579764,8673325,0,0,8673325,0,0,6579764,6,18,0,6,0,0,0,18,0,0,0,0,18,6,0,6,18,0,0,18,0,0,6
81478,20241,A,골목상권,3110249,중화역 1번,CS300029,애완동물,30456950,451,29770627,686323,2036464,0,450047,27284116,0,405043,281280,0,0,25765206,3037819,1653925,0,26158998,4297952,0,26890324,281280,3285346,0,0,339,112,113,0,56,170,0,56,56,0,0,112,169,170,0,112,339,0,168,56,227,0,0
81480,20241,A,골목상권,3110254,오거리공원,CS300029,애완동물,10331172,250,7725800,2605372,0,2792961,2223252,1528485,1181102,1354793,1250579,0,0,1229735,5210747,3890690,0,4724410,5606762,0,1542381,4620194,1945346,1285317,937934,188,62,0,70,55,35,28,41,21,0,0,42,124,84,0,105,145,0,56,96,56,21,21
81481,20241,D,발달상권,3120104,연남동(홍대),CS300029,애완동물,5764378,89,4593436,1170942,651268,0,1823323,1449736,669109,780628,390314,0,446073,10037,2241516,3066752,0,2325156,3439222,0,11152,2770114,0,2258244,724868,67,22,11,0,28,16,12,11,11,0,6,6,38,39,0,34,55,0,6,32,0,39,12
81482,20241,A,골목상권,3110660,등촌3동주민센터,CS300029,애완동물,50900266,1820,34898141,16002125,6107825,8713948,8624335,4342196,7109837,8272961,7729164,2067505,2013320,8229024,14563154,18757172,5270091,15581481,34597992,21926,4621134,12863148,11638824,13218225,7816216,1267,553,239,292,295,167,274,298,255,58,99,281,487,695,200,598,1197,5,196,439,451,427,278
81483,20241,D,발달상권,3120094,"신촌역(신촌역, 신촌로터리)",CS300029,애완동물,68748400,2122,49753035,18995365,6310059,7977729,10930716,9869173,14665358,10491027,8504338,456332,4322446,20442499,14468101,23610308,5448714,19290274,49458126,18614,10223222,16525268,7437233,16074788,18469275,1536,586,231,323,380,305,297,314,272,24,157,651,481,665,144,635,1487,5,220,574,336,552,435
81484,20241,D,발달상권,3120230,송파사거리(송파역),CS300029,애완동물,8054000,229,6251861,1802139,301618,881688,1973934,1823468,1271153,1235143,566996,0,1014721,1211288,3107925,2720066,0,2670522,5383478,0,386254,1957878,1345469,1546164,2818235,174,55,10,33,45,45,41,37,18,0,28,37,83,81,0,69,160,0,14,55,32,42,86
84279,20241,R,전통시장,3130112,사가정시장,CS300029,애완동물,3747569,137,2134603,1612966,308866,1015824,233365,308865,267683,631459,981507,0,960915,418684,1585511,782459,0,2313059,1434510,0,1002097,82364,1201144,391230,1070734,97,40,14,14,21,21,27,27,13,0,7,34,54,42,0,55,82,0,14,14,35,7,67
84282,20241,R,전통시장,3130018,동대문문구완구거리(동대문문구완구시장),CS300029,애완동물,385650916,3930,289139925,96510991,3716083,65746103,22653820,144927278,52096641,18830541,77680450,0,33444756,278777769,46736903,26691488,0,172333398,147642878,0,4573642,22618089,50810302,35374261,206599980,2357,1573,356,428,357,715,501,787,786,0,428,1215,1358,929,0,2430,1001,0,356,857,714,428,1072
84283,20241,A,골목상권,3110376,수송초등학교,CS300029,애완동물,3054903,206,3054903,0,389621,1879145,0,0,786137,0,0,0,0,586155,2468748,0,0,830961,2223942,0,0,389621,441340,586155,1637787,206,0,35,102,0,0,69,0,0,0,0,68,138,0,0,69,137,0,0,35,34,68,69
84284,20241,A,골목상권,3110507,명지대학교,CS300029,애완동물,45070967,1407,33289958,11781009,3185730,2917333,7484215,12514593,7188087,8127248,3653761,0,857331,6262972,21806580,13719528,2424556,19661624,19798771,0,0,4625959,5008183,14776475,15049778,1064,343,127,217,187,320,213,168,175,0,44,258,661,381,63,603,698,0,0,154,222,403,523
84285,20241,A,골목상권,3111066,암사동성당(효정하나플러스아파트),CS300029,애완동물,9460777,179,5046378,4414399,1037573,565949,1344130,1131897,966829,2641093,1773306,0,0,2409999,2829744,4221034,0,3659803,5800974,0,1013991,2598649,3560762,1815751,471624,90,89,18,5,25,28,14,52,37,0,0,42,61,76,0,62,117,0,19,47,79,24,10
84286,20241,D,발달상권,3120221,봉은사역,CS300029,애완동물,26986240,208,14130340,12855900,3425054,0,2453295,2453295,5798696,8952931,3902969,0,0,13477190,8506878,5002172,0,1051412,25934828,0,0,1051412,1051412,22430121,2453295,112,96,32,0,16,32,32,48,48,0,0,64,64,80,0,48,160,0,0,48,16,128,16
84287,20241,A,골목상권,3111005,삼전역 3번,CS300029,애완동물,15299912,919,11953812,3346100,1797930,3317587,1420689,2328966,3088640,1217932,2128168,483448,165517,1163448,4410257,7440001,1637241,5972730,9031319,0,2826238,4387283,4527281,304711,2958537,687,232,104,166,124,151,142,96,136,63,21,96,160,435,144,303,602,0,160,380,241,28,97
84288,20241,D,발달상권,3120225,잠실새내역(신천),CS300029,애완동물,21090970,1321,15001877,6089093,3486259,3759649,3389106,2067355,2299508,5423133,665960,0,183577,6574301,6511037,7822055,0,7100294,13640468,0,905573,1612665,5848840,8988660,3385024,981,340,232,231,208,152,158,289,51,0,17,345,424,535,0,381,923,0,56,161,363,494,230
84406,20241,A,골목상권,3110564,홍대입구역 3번,CS300029,애완동물,36976637,40,18400459,18576178,2008236,2786427,2008236,301235,11296325,4518530,14057648,0,0,2686015,25353973,8936649,0,13304561,23672076,0,18952722,15312797,2409883,301235,0,30,10,5,10,5,5,5,5,5,0,0,15,10,15,0,10,30,0,15,15,5,5,0
86918,20241,U,관광특구,3001494,종로?청계 관광특구,CS300029,애완동물,646479587,12782,434735213,211744374,28236783,107646740,59796014,170286770,68768906,78295244,133449130,0,49280274,336107342,155225633,94634292,11232046,327560318,226502670,17274,11571967,25500902,83840098,109258007,323874738,7195,5587,1175,1845,1271,1770,1134,2817,2770,0,989,3408,4741,3423,221,7780,4025,5,740,1100,2007,2770,5177
86920,20241,A,골목상권,3110646,푸른들청소년도서관,CS300029,애완동물,9057646,246,5920677,3136969,348552,1921747,1785152,1723921,141305,3136969,0,0,376813,3071027,2237328,3372478,0,3890597,5167049,0,0,1177541,1017396,4008350,2854359,189,57,19,47,57,57,9,57,0,0,9,85,47,105,0,66,180,0,0,27,28,116,75
86921,20241,D,발달상권,3120131,가산디지털단지,CS300029,애완동물,328943322,4316,195079085,133864237,75713686,15162355,0,52976692,51226352,61370045,72494192,0,0,89422146,165296262,74224914,0,139025889,189917433,4355144,96804094,71070814,113929099,42784171,0,2702,1614,740,436,0,697,829,655,959,0,0,916,2223,1177,0,2049,2267,131,1089,1046,1526,524,0
86922,20241,D,발달상권,3120145,영등포역(영등포),CS300029,애완동물,223246541,2932,149376634,73869907,34591540,33720824,26648040,21487504,32928726,28680460,45189447,0,5125450,83146789,69040725,63807042,2126535,83999926,139246615,0,33641580,76722094,86249694,16064181,10568992,1801,1131,384,321,333,314,449,460,671,0,64,716,948,1114,90,985,1947,0,443,1089,832,430,138
86923,20241,D,발달상권,3120208,청담사거리(청담동명품거리),CS300029,애완동물,399869821,2367,281435667,118434154,30189849,10014727,40313826,72433785,128483480,118434154,0,0,0,80591236,216631280,102647305,0,55645462,338543278,0,12818850,97434186,90023287,20903465,173008952,1930,437,218,292,437,401,582,437,0,0,0,656,1310,401,0,547,1783,0,109,619,765,292,547
