행정동,20191,20192,20193,20194,20201,20202,20203,20204,20211,20212,20213,20214,20221,20222,20223,20224,20231,20232,20233,20234,20241,20242,20243,20244,시설수,면적
가락1동,976.7,2742.5,5694.0,6619.9,5972.4,6075.7,6965.0,6100.9,7732.2,11018.2,11364.5,16105.6,15996.5,18064.1,21706.0,19690.9,23704.4,27040.3,26873.9,25111.6,8140.3,23059.5,8857.3,20776.8,,1.34
가락2동,24211.5,28670.5,31174.1,26322.9,22098.0,26554.3,24056.0,20526.6,18830.4,29244.3,26719.0,27609.8,22483.3,29353.3,30464.8,27267.6,29444.2,32625.2,34085.6,29707.9,10294.5,31240.9,11523.5,29320.8,,0.96
가락본동,80798.5,91568.5,87795.3,86659.8,67906.0,79581.1,60011.3,66875.0,62812.2,81037.1,73110.7,89537.6,78216.7,92093.8,83875.3,95502.4,83331.1,83209.2,79947.1,89586.4,27053.3,85077.5,27520.1,81740.6,1089.0,1.13
가리봉동,3827.9,5010.0,5007.8,4413.4,4449.7,4455.0,4424.8,4513.2,4405.1,13274.7,21591.0,5155.5,6071.7,6838.8,7469.2,7189.0,7322.3,6954.0,6548.6,6422.4,1888.1,5750.6,2074.7,6398.2,9.0,0.4
가산동,260854.5,296081.2,277126.2,283551.3,200981.8,235046.3,231374.4,290192.3,272056.3,352717.7,283090.2,368095.8,355057.1,413463.7,396961.2,486975.0,644102.0,673625.0,769633.2,887366.7,351024.5,954394.8,354094.6,1073202.9,361.0,2.52
가양1동,292232.1,294990.0,329923.0,360716.6,348187.8,341944.2,434379.5,462317.5,485345.8,570122.2,693100.0,784134.6,764942.4,841586.8,942853.5,954915.5,1024654.3,1109441.8,2066252.0,2912957.1,1211628.9,4672449.8,1989208.6,4081162.2,1936.0,4.7
가양2동,14087.7,15212.5,15449.9,14027.9,11633.3,12203.7,16629.7,15237.5,14280.0,12394.9,11583.5,13081.1,13062.7,11554.0,23516.6,20358.7,23627.2,19656.7,23177.9,15038.7,3816.7,13821.9,6169.0,13973.9,,1.0
가양3동,1247.1,1759.8,1814.8,2622.3,1661.8,4094.7,3322.0,3627.5,3942.8,5023.2,4185.6,4244.6,2829.5,5430.5,4959.4,7034.8,4912.1,8291.7,8006.6,6302.4,2739.5,8799.9,3633.1,7925.5,,0.5
가회동,20324.1,24444.5,28670.9,21892.4,14156.9,13393.0,12972.0,18084.4,15541.4,27133.9,16458.4,27209.5,17288.6,26566.2,20244.0,20749.6,21327.0,23060.7,21542.5,25128.3,9290.3,31687.5,14079.7,34165.3,1.0,0.54
갈현1동,38077.5,33968.4,36800.9,32613.5,30878.2,27130.4,23544.4,17918.9,19502.6,20742.4,21658.8,23243.1,25126.2,26115.7,26533.2,27729.2,28411.5,23205.5,24020.8,23223.7,10352.7,32116.3,14000.5,37521.8,484.0,0.97
갈현2동,28300.9,29696.3,36466.7,35032.9,35263.6,38312.8,36489.3,35528.6,34373.1,41573.9,38383.4,39343.7,43033.8,50973.5,51651.4,51586.6,52493.2,48683.8,50050.5,50896.0,16954.1,55670.5,21207.3,50468.9,,0.96
강일동,41142.7,29960.0,18611.4,17441.9,15948.6,17876.4,12153.3,9590.3,9086.8,14745.3,12805.7,11870.3,11770.3,14309.8,17045.3,17120.8,17026.7,22218.8,17807.0,15570.9,6976.8,20732.4,6585.8,17771.8,36.0,2.26
개봉1동,12350.2,12052.8,12863.7,16274.0,12286.0,13651.5,10273.0,10482.2,12909.7,16671.5,15819.7,15904.8,14808.5,15546.8,17735.7,13459.0,18449.6,19643.7,25373.6,22720.2,6873.9,25741.0,7627.9,21726.6,529.0,1.31
개봉2동,16505.9,15107.7,15555.4,14826.7,16436.0,13565.4,11572.1,9725.7,9279.1,12022.6,12149.1,13114.3,10074.4,12372.8,12199.5,11036.0,9442.3,12946.6,11173.5,10491.7,4176.8,13994.0,5705.3,15114.5,,0.8
개봉3동,3476.7,3356.9,3282.9,2870.9,3488.3,4502.7,3702.7,2950.2,3244.4,4841.0,5709.8,6664.9,7610.2,8206.7,10076.1,7955.5,9128.7,9590.0,10432.7,9178.9,3603.1,10479.8,4963.8,10918.9,,0.81
개포1동,4825.9,6588.8,5936.6,3838.2,3786.0,5399.1,0.0,0.0,0.0,0.0,0.0,0.0,0.0,0.0,0.0,0.0,0.0,0.0,0.0,0.0,0.0,176.1,122.4,224.7,169.0,1.27
개포2동,14556.8,12110.9,12122.8,10261.2,11067.9,10786.8,8724.3,9197.2,12911.4,12537.1,9586.1,10811.4,11070.8,11749.4,11906.3,11597.7,14748.7,14216.6,15739.9,14837.3,5860.7,17544.9,6511.0,15729.8,144.0,2.51
개포4동,19074.4,20701.6,18703.1,17313.9,15758.7,12126.7,13524.5,11473.1,13903.5,22121.6,21701.6,25090.9,20857.7,28642.6,24965.8,24620.9,24671.9,25268.4,25089.5,25801.2,7581.7,27325.9,9995.9,29085.9,,1.49
거여1동,10130.6,10529.0,11661.7,10424.0,8275.2,8155.6,6441.7,6905.7,7087.3,8604.1,6061.4,8074.7,8243.7,12355.5,9498.9,10915.0,9810.9,12984.0,11823.0,11482.2,3376.2,10938.5,2938.1,8496.2,100.0,0.51
거여2동,19392.6,19203.2,20041.6,18294.5,20847.6,23313.0,21125.7,19130.3,18644.6,22356.1,21271.5,25225.3,22751.5,26155.2,26718.6,26142.7,29324.5,25717.0,23852.2,24144.7,8397.8,26763.3,9803.2,26561.2,,0.53
고덕1동,1832.4,4867.5,4385.2,4187.9,2277.7,3363.8,4965.5,5299.0,4660.6,7473.2,5864.0,6294.8,5791.0,7398.9,6967.0,6242.8,5445.4,8268.9,6753.1,6049.8,2723.1,10943.8,3043.3,7102.3,100.0,1.51
고덕2동,1540.8,2393.2,1949.0,2488.4,4006.0,9107.9,7827.2,7091.2,10227.7,16203.4,12089.2,14144.8,11499.4,13942.4,13017.7,11389.1,12055.9,12500.4,10975.9,11186.1,4723.0,12749.9,5273.8,12107.5,,2.5
고척1동,43596.5,47710.2,51582.1,48830.4,41607.8,44287.5,41145.5,33368.1,38076.3,45202.0,84438.3,85141.8,80412.5,96194.4,96642.9,79797.2,92985.1,94012.0,90232.0,96560.1,35760.0,93944.8,31087.4,65918.9,400.0,1.16
고척2동,4831.2,4764.0,5906.6,6956.3,7222.7,8390.6,5874.4,5500.7,7457.3,8102.3,12800.9,9807.6,12279.7,12900.0,14246.6,12823.1,15045.2,12261.4,10734.6,9699.6,4822.3,11183.7,3803.2,9675.2,,1.02
공덕동,365417.4,321908.4,352156.2,376940.1,287352.2,269597.4,100448.3,36418.5,40115.6,38361.3,35545.4,40151.9,38235.2,41178.5,38851.1,57730.2,93328.1,73078.9,80292.6,78694.1,29076.4,77394.2,32522.2,92472.4,225.0,1.01
공릉1동,41921.8,46128.4,48065.0,54713.0,53227.3,58144.7,53099.2,47448.0,47408.9,54195.4,57025.5,68336.0,62659.5,71772.4,70008.9,69237.4,74072.4,80224.3,69573.2,71778.2,23347.2,77591.0,24187.3,67380.4,1089.0,1.41
공릉2동,72869.9,104533.2,106911.9,103918.1,75567.0,96527.9,83411.4,78182.9,74628.1,107811.3,89637.7,79898.1,85889.3,121208.9,92099.6,91492.4,96902.0,120086.8,108645.4,103360.2,42844.5,138984.4,43461.0,99416.1,,6.82
공항동,809234.1,489966.4,495592.4,521435.1,132559.2,200387.5,267225.5,266037.9,285570.4,463923.7,250132.1,353574.1,337953.6,459494.9,451139.1,564775.9,804317.8,140812.8,117245.8,106202.1,31737.5,129768.6,35121.0,92685.5,441.0,10.87
광장동,27464.5,25425.4,28636.8,24690.9,26285.0,26170.3,24112.6,23534.6,22167.3,24378.2,20208.4,24421.6,24968.4,27221.3,28948.1,28324.1,32457.9,34657.9,31172.7,32085.7,12719.6,32487.3,13181.9,30133.6,36.0,2.39
광희동,293286.8,347762.5,315653.4,377000.7,179830.0,169001.7,155258.8,157340.6,121765.3,156708.4,125245.5,174603.0,151731.0,216767.8,210085.7,230330.4,226147.7,229717.1,211110.7,218918.2,55716.7,180301.0,72773.9,217251.3,4.0,0.74
교남동,4953.5,3728.1,4482.1,3750.5,3104.9,3343.1,3882.2,2380.2,3722.6,5445.5,4895.3,6072.3,4575.4,5739.4,5775.9,4724.7,4847.7,6159.7,6030.0,4273.4,1509.3,5841.6,1956.5,4232.8,16.0,0.35
구로1동,7513.7,8334.1,8368.0,6742.0,8478.5,8406.8,7463.4,6719.0,6358.3,7901.2,8948.6,8824.2,7893.7,8619.4,9734.0,9250.8,11002.4,11559.0,11977.5,10353.5,3151.7,8784.0,2388.0,6994.2,1225.0,1.02
구로2동,23931.6,26148.1,25133.9,26333.4,19487.8,22122.4,19157.5,23796.0,22006.4,28076.0,26440.3,35067.4,30888.0,38134.8,37531.9,33954.4,35447.2,33797.2,33001.0,39569.3,12077.3,34623.4,10270.0,31235.1,,1.76
구로3동,45535950.9,55962784.2,63121328.8,70131819.0,79027414.7,82192781.5,90568665.4,100343510.7,78736302.7,81704841.0,103131723.7,114352031.2,116072270.3,117511204.0,120491754.9,128107709.2,125070264.2,127179707.4,129587085.8,139274566.5,47668026.1,151137772.6,58043321.9,174587346.4,,1.02
구로4동,26658.8,26408.1,27948.8,24364.6,19372.0,13338.0,13221.1,16294.8,17475.8,22014.3,20321.4,23971.9,27673.2,36545.2,41734.8,38894.5,45103.6,44270.5,43035.9,44962.5,10818.7,28720.2,9635.8,28054.4,,0.46
구로5동,462391.2,439534.6,393031.2,84957.1,73525.5,75806.3,67181.6,67538.1,68148.0,70536.9,65350.5,80031.6,77224.1,95526.4,109259.6,106919.2,115592.0,122989.9,125545.6,133366.6,131966.8,440843.3,171255.8,489216.3,,1.03
구산동,7447.3,7786.5,7875.4,7721.5,7608.2,5171.8,4938.8,5110.8,5084.0,7223.6,5762.3,5982.6,5404.9,6880.3,7360.7,6238.6,7054.3,6342.6,6310.7,9214.5,3195.3,8333.2,2802.0,7658.6,25.0,1.38
구의1동,15387.7,16936.9,17953.9,16676.2,16704.5,19037.4,14340.7,15421.3,17412.9,18108.3,17356.2,18008.7,17511.7,19756.1,21272.2,19454.5,20641.5,20961.3,19271.1,19432.9,6128.1,20992.3,7691.4,19914.9,961.0,0.56
구의2동,121503.8,35708.2,74166.8,31826.2,39823.0,29492.6,31281.8,18276.4,46793.4,23752.9,28862.4,21650.3,56876.7,29070.3,49556.8,23498.2,61843.0,28472.1,41422.8,24637.1,41622.4,26005.7,7534.2,25067.2,,1.39
구의3동,97379.3,125038.2,126764.0,103450.1,76389.7,75241.2,80634.7,75172.6,67557.8,93506.2,90037.4,94310.6,78662.8,111351.8,181963.1,104456.2,93311.6,141994.2,164379.9,107965.6,27907.5,125876.4,44907.4,96703.1,,1.02
군자동,16087.8,16192.2,14485.9,15912.1,15189.8,19330.2,12793.4,13103.8,10703.6,17148.2,13661.6,15553.5,14156.4,20993.3,21880.7,22581.2,34278.8,39170.2,38509.0,35533.0,11820.3,33187.0,11863.6,28269.1,81.0,0.74
금호1가동,6801.9,8140.3,8724.7,7949.2,7910.8,5777.0,5719.6,4937.8,6463.9,10055.6,8233.3,11138.1,7191.3,9916.7,10043.4,8108.5,9637.9,10233.4,10687.8,9388.6,3094.1,9901.1,3974.6,8679.1,9.0,0.46
금호2?3가동,8557.1,8324.8,8090.3,8570.9,7102.9,7501.3,9364.5,7373.9,8984.8,10723.1,15141.1,16365.2,19061.1,22513.7,20468.7,16979.7,21728.7,18285.1,20028.5,18596.9,5334.4,17715.7,7244.5,19682.5,,
금호4가동,16817.4,16307.2,15584.5,15876.2,13717.3,12668.2,11659.1,11452.0,13865.2,16492.0,16003.9,16553.1,17738.8,20389.1,23040.7,18491.5,19697.3,21401.6,21119.0,17826.8,6692.1,21979.9,7837.9,19402.9,49.0,0.84
길동,77889.0,81934.2,87347.7,85818.2,75068.1,73263.7,67177.0,60524.6,60908.1,72602.5,68391.9,73674.0,73847.6,84786.2,86107.7,81345.2,88871.6,89465.6,85311.2,86535.1,29492.1,86556.0,32931.1,73859.1,324.0,1.61
길음1동,17959.2,16340.2,17350.7,19715.0,18733.9,15602.5,14165.3,14222.7,15563.3,18979.5,15414.9,15789.2,14354.0,18669.1,17935.8,20447.8,22581.1,21332.7,19694.0,19855.1,10869.9,23540.0,7623.1,22721.4,,0.79
길음2동,311580.2,334488.7,321479.3,329892.1,230253.1,270642.7,264031.6,278456.9,260644.8,266458.6,264551.0,303912.4,308317.3,368321.8,320660.3,302907.2,289510.7,295246.5,284314.7,301630.5,89659.1,289014.1,97883.2,319221.6,289.0,0.58
낙성대동,27379.9,25613.0,27279.9,32191.7,25842.5,25229.5,26556.9,24724.4,27088.0,34144.9,31091.1,30082.6,29490.1,35278.2,36930.2,33879.7,36181.9,37126.0,41893.7,40830.9,14415.0,45917.9,18305.3,49559.0,,2.27
난곡동,10648.8,9856.5,10654.3,10551.0,10097.0,10367.3,6953.1,7496.5,8207.7,9119.7,9812.2,10468.0,8040.9,8354.8,10062.9,7889.8,10204.6,9218.3,10076.2,9129.8,3362.0,8806.9,3107.5,8085.5,,0.96
난향동,4794.8,3877.2,4535.2,4332.5,4092.6,4572.6,3272.3,3512.3,3892.3,6728.5,4547.8,4275.2,3925.6,4684.6,4168.8,3585.1,4816.4,5357.7,5285.3,5292.6,1523.4,4838.4,1761.1,4881.5,,0.8
남가좌1동,9141.2,9226.3,8320.8,9636.4,7959.1,9732.9,8920.6,9484.6,8099.9,14556.5,10620.4,14884.8,11469.1,16639.9,14323.9,13492.1,14192.8,16150.9,11901.2,14234.7,3878.8,16446.8,3922.8,12275.0,196.0,0.51
남가좌2동,23847.7,22283.3,27939.9,20020.5,23094.1,19585.4,14097.0,11551.9,10675.6,13020.0,11377.2,14050.5,17035.1,26739.9,31844.9,31692.5,36898.7,35966.6,33327.2,31602.0,12635.3,36213.5,12270.5,29369.1,,0.77
남영동,2235339.1,2262785.7,2450739.9,2313529.9,1830066.9,1502768.1,1892702.8,1888331.7,1805194.5,2127455.4,2504592.2,2754254.7,1196733.8,1933817.8,2295908.1,1717114.1,1707421.1,1849848.3,1995992.9,1966969.4,645441.3,1646210.4,676747.6,1577449.5,36.0,1.19
남현동,49091.0,51646.3,51860.1,51984.5,40003.1,35825.1,32280.0,29227.6,27564.6,35075.9,33117.9,40239.7,34796.4,44715.4,46171.0,46013.6,47743.2,44016.3,55558.3,65965.4,20604.5,70331.5,25097.2,59132.4,49.0,3.27
내곡동,12102.5,18052.4,18255.9,17503.3,14549.1,18853.1,15312.2,16655.6,16545.4,31870.6,25087.3,25265.7,23752.4,37211.0,24893.0,25796.0,31630.9,45682.5,35837.9,40595.9,11988.4,39783.4,10202.2,37527.3,9.0,12.68
노량진1동,55602.8,48780.1,49258.5,45272.1,45095.5,39205.2,31330.4,26345.7,27935.2,37004.6,33146.6,34847.8,33879.5,44332.0,45552.3,44063.8,48154.0,48355.9,50052.1,47005.0,15672.0,47522.0,17042.7,49110.4,81.0,1.58
노량진2동,21715.0,10695.1,29497.8,10974.0,21364.4,15957.8,22205.8,17809.7,25337.6,21077.9,43532.0,6195.6,27832.8,24945.5,48751.8,11009.7,40714.2,43087.5,66357.3,18793.5,2942.4,10444.9,4238.3,9386.4,,0.64
녹번동,14603.4,14107.2,16104.6,15011.3,15600.3,11410.3,26452.6,30371.0,30088.0,24614.1,21525.6,20691.8,17510.8,22180.1,23981.2,19353.6,22897.3,22971.5,27260.0,26014.0,7609.4,27458.3,10800.9,22657.2,169.0,1.79
논현1동,1485348.8,1492274.4,1683653.4,1471391.9,819718.7,607344.2,612240.7,555317.1,587421.9,752089.2,759446.6,657171.9,711214.7,783285.6,786972.0,671896.0,597011.6,570475.2,518788.9,434138.8,149221.8,484023.7,166206.5,546450.1,3844.0,1.25
논현2동,255013.7,265636.4,279061.0,328878.3,234522.0,201073.6,205517.9,242234.2,183463.1,243316.6,210934.2,296973.0,210164.7,264655.8,263566.4,315857.7,256556.2,271782.3,244037.6,294672.9,87662.9,274646.6,98415.2,332299.9,,1.47
능동,19712.3,22864.3,26380.1,21869.5,16640.3,17870.0,18644.1,19865.0,17220.5,52379.2,41445.4,43886.6,37013.7,70674.9,55871.9,42593.3,43591.2,57089.6,39805.0,46284.4,12925.4,55239.5,9476.5,41100.9,36.0,1.1
다산동,17825.1,17768.3,17875.2,13873.3,16121.6,14525.8,13070.6,12391.5,13022.5,16689.3,12414.9,16513.2,15158.3,12401.3,15757.0,14227.6,14337.5,16226.1,17855.9,17155.4,5547.7,17103.7,7422.6,14828.2,,0.51
답십리1동,20119.7,20601.2,20537.9,22408.6,21351.3,22639.7,18766.5,28091.0,20330.3,32627.5,30698.4,35856.9,27123.7,40036.6,30758.3,36705.3,39182.5,41787.8,29538.1,35513.5,14695.7,33654.1,11079.3,33292.5,196.0,0.81
답십리2동,16394.7,13892.9,15210.7,14612.0,14640.8,11936.5,11883.0,11190.1,11407.5,12990.1,26128.6,26561.9,24185.6,30837.3,28532.1,28166.8,29077.0,30426.9,29542.8,31390.5,11441.2,32903.9,11494.6,26179.7,,0.85
당산1동,40868.0,39061.0,40827.4,35537.0,30535.5,25391.1,22059.8,18608.4,15457.8,22318.7,30251.4,34351.6,34709.6,51974.3,50805.1,52339.5,56980.2,81736.2,77325.0,53171.9,10854.1,34293.0,15728.9,34573.5,64.0,0.75
당산2동,58355.8,76646.2,63346.8,64941.2,45946.5,47497.4,43980.8,42773.0,44401.0,56336.0,42734.1,51975.5,49090.2,55555.3,52895.9,59679.6,54626.4,49709.9,50689.7,48732.4,16794.2,47249.9,20933.6,47861.2,169.0,1.55
대림1동,14211.5,16191.8,14423.2,13948.6,12121.5,12729.1,11993.6,12237.5,11263.3,12571.4,11039.1,14489.1,13820.2,16210.0,13099.5,17688.6,18415.4,16842.3,14861.7,17011.0,5331.4,15475.4,5230.0,14077.9,,0.49
대림2동,9080.3,11951.8,13615.5,15013.6,12446.8,15353.3,14791.9,17665.2,19271.4,17275.8,17793.9,20369.3,21152.5,21993.0,21693.6,20045.0,21568.5,18223.2,16662.2,20086.9,5714.1,16956.8,5421.9,18338.3,,0.55
대림3동,33148.2,35311.3,38844.3,38607.7,34538.4,31183.3,31534.1,29280.7,30136.3,34569.9,37751.1,34000.1,31921.6,34406.4,34479.6,31148.3,32443.3,31687.0,30947.5,28913.3,9963.1,28651.2,10992.6,28014.4,,0.95
대방동,90668.0,115329.4,106685.1,97663.9,69836.0,107124.2,100215.9,104802.2,96051.0,173204.4,186765.8,155420.9,179052.8,213446.7,215006.8,165354.1,123344.0,49521.1,47286.0,46825.1,18398.4,54549.2,22547.2,46343.9,121.0,1.55
대조동,48332.2,55562.5,55654.5,63748.2,46294.0,40834.7,42360.4,41595.0,38771.3,47152.3,42529.6,50064.7,48562.8,67702.8,61639.0,55006.3,65513.5,68054.1,70375.7,63495.8,21821.8,69346.4,24316.3,55717.7,324.0,0.85
대치1동,39162.7,40166.5,35906.7,39083.1,29954.3,30274.2,29246.2,21251.1,25347.0,34657.3,33760.6,31494.3,30926.9,39765.1,40396.4,38791.4,38139.4,43791.0,297614.4,133361.8,57951.4,171316.0,81003.8,116258.6,1089.0,0.79
대치2동,920089.0,852164.6,910012.4,1029189.3,1116248.0,898894.2,1009576.8,994046.7,1028991.0,941312.8,815799.4,808324.3,631605.7,225455.5,281126.8,293381.0,374118.6,450755.4,761145.3,849701.7,276038.2,790031.7,65412.4,189827.4,,2.0
대치4동,77231.2,79152.6,82487.2,82205.6,74761.5,69502.3,74307.1,71651.8,77984.3,97436.7,90182.5,97099.7,88518.4,193302.4,251509.4,234018.6,212964.0,174215.1,124010.8,103766.0,29953.8,87972.6,36603.0,80853.6,,0.73
대학동,44563.5,35943.9,42946.7,37004.1,40418.0,35664.6,32346.2,26892.6,34378.3,32822.5,34239.9,34141.6,38740.0,35553.0,41408.4,34824.7,43474.9,36042.4,40186.6,34301.1,19263.2,37164.8,12532.4,29822.9,,8.3
대흥동,34468.0,37539.2,40868.2,37214.4,30955.0,24555.3,25002.8,28626.2,26870.8,40649.4,34037.9,38482.4,38903.1,46878.8,56562.8,45643.9,43856.5,50399.1,50460.1,43285.1,19001.9,47030.7,17959.2,44149.3,121.0,0.88
도곡1동,80388.8,106245.9,144833.1,584468.2,668859.2,823104.3,1091203.8,1112335.6,999881.2,1200330.0,1432895.6,1624599.2,2086953.4,2000936.5,2138851.6,2612247.9,2659692.7,2493457.8,2430276.9,2011183.3,616568.1,1894279.1,705332.2,1814317.7,225.0,1.02
도곡2동,2951363.7,3261810.2,2820686.5,2821909.2,2797614.3,3668556.5,4059028.2,3486707.7,3285594.2,3529097.7,3818723.3,3948013.3,3636412.3,3990626.2,4318331.8,4473481.2,4469937.3,4950768.6,5228630.5,5729905.4,1878844.8,6050957.4,2384857.7,6193184.6,,1.02
도림동,9707.8,9162.6,10669.7,10123.6,9381.2,7475.3,7595.5,8192.9,8619.6,10092.3,10820.3,11031.0,10126.3,13009.0,14386.7,13568.9,15382.8,17421.5,19918.6,19011.4,6313.7,19049.1,7534.7,16998.4,9.0,0.89
도봉1동,43511.9,51034.2,35440.3,63477.9,36653.9,57216.9,36222.0,49794.9,34125.8,43293.9,30886.3,49271.6,38542.6,53085.8,36744.5,60441.8,45169.4,51659.2,31281.5,54158.2,15552.3,50862.9,11847.0,60875.0,144.0,8.72
도봉2동,8473.5,10950.1,12546.0,11852.0,8781.9,7899.2,6690.1,6679.2,6799.8,10760.0,6611.4,8063.8,9360.1,12484.4,15180.0,16888.2,23357.0,24273.1,24177.8,21816.9,7451.9,23442.0,7398.4,15173.0,,0.83
도화동,71562.2,69207.0,65982.9,82306.9,53565.9,43548.5,49699.5,43811.7,45463.5,54394.0,51825.3,55806.0,56603.8,72852.2,79390.0,75828.2,79151.4,85274.7,89653.1,85252.3,25673.0,78626.2,26007.5,98408.6,1.0,0.62
독산1동,69297.1,75056.5,84105.0,78173.8,60177.1,61665.3,48819.2,40477.6,36418.5,50103.4,54027.8,57789.2,46961.0,62056.6,62644.7,50668.8,48091.6,50715.2,50562.9,49072.1,14820.9,48602.1,17156.4,48265.6,676.0,2.09
독산2동,15388.5,16085.3,14804.2,14112.8,17121.9,16393.6,18064.3,15335.0,18646.8,20791.8,21159.2,18907.5,19724.1,22066.1,23055.4,18824.4,24907.4,21955.1,20429.3,17537.0,7797.7,22762.8,6067.4,16412.5,,0.6
독산3동,12885.5,14524.7,22056.4,24524.3,18831.7,17123.9,14146.3,15116.7,15136.7,16039.4,18046.4,20358.5,18487.1,22908.5,24888.3,22712.0,24613.9,26076.9,25400.7,22931.3,8939.2,27023.0,10364.2,28059.8,,0.92
독산4동,15109.5,15657.8,14768.7,16129.4,12224.0,12450.8,10675.4,11322.6,10090.5,12468.3,13069.7,13729.7,12811.6,15792.6,14491.1,16745.8,14350.2,14457.3,13796.0,16043.0,4857.5,16566.5,4779.1,13313.1,,0.59
돈암1동,2776.7,3193.0,2843.6,2824.6,2368.7,2208.9,1226.4,1978.8,2468.2,2639.2,2443.3,2627.4,3056.6,3491.3,3680.2,4264.3,3782.6,2754.0,3422.1,3047.6,1132.0,2391.9,1758.9,3133.1,,0.49
돈암2동,1117.7,3502.1,1247.2,3412.5,4505.2,5230.9,4591.4,4321.7,5737.9,5817.2,6035.7,8791.7,4979.5,5278.0,5247.2,3082.0,5394.4,18044.3,20314.9,18445.7,5144.3,16442.9,5931.7,15650.2,,0.48
동선동,95249.3,94838.3,109097.4,112887.8,86731.3,79466.4,65828.4,68143.0,66505.8,77579.9,72780.1,79427.7,76693.6,96190.6,102677.0,88248.6,92976.3,97362.8,93861.7,97686.6,38105.9,106838.0,39530.1,122146.8,225.0,0.73
동화동,7891.5,7194.4,9489.2,9198.8,10214.8,11214.1,9658.2,8518.4,9199.4,11433.0,9847.3,11591.1,10346.7,14285.9,14241.7,13904.5,13992.5,14070.6,13678.7,12140.3,3901.3,12294.8,5008.4,11230.7,,0.26
둔촌1동,916.0,1002.2,687.0,1581.5,986.9,774.1,862.1,720.4,936.6,1258.7,1108.0,884.6,1137.6,1318.9,812.8,1234.0,1029.6,1349.6,1363.5,1170.3,663.5,1087.4,195.0,852.4,81.0,0.92
둔촌2동,24678.5,30611.0,30184.3,28784.4,24439.5,29438.7,29030.4,28344.9,28773.4,37506.2,34669.1,35698.9,30835.4,36605.5,36743.9,29422.8,32223.0,37401.6,38402.4,35181.7,11568.0,38554.3,13724.1,31571.2,,1.56
등촌1동,1047408.0,620227.5,685928.8,660821.2,123486.1,164360.0,272013.9,241567.5,247716.1,361069.0,204918.6,318233.2,337116.6,684552.7,576043.2,733145.2,814680.9,572593.9,709581.1,670140.7,15768.7,55940.3,21294.3,48591.6,625.0,0.64
등촌2동,7700.6,7984.6,7760.7,6998.7,5789.3,6445.4,4123.6,3184.5,3446.7,3085.7,3617.8,3425.7,3596.8,5242.1,6283.4,5097.8,5640.7,6672.5,5321.7,4923.4,2464.8,8360.8,3481.6,7989.2,,0.92
등촌3동,44252.4,47214.1,47464.7,41648.6,38684.1,44011.9,35918.0,32104.8,33142.6,41326.5,35071.1,46082.9,50822.7,59981.3,62538.6,58876.9,62320.2,57740.2,57719.0,53838.3,18217.4,53204.7,21168.3,50594.6,,0.79
마장동,8143.2,7540.4,8597.3,7635.3,8396.4,8833.0,9632.4,7860.7,9658.6,9987.1,11056.0,9563.0,11007.7,10939.7,11889.1,11265.5,12122.3,11618.9,14522.3,13998.3,4350.1,14896.0,4747.4,13196.9,16.0,1.05
마천1동,4016.1,4163.1,4547.3,4523.1,3498.6,4556.7,2800.7,3144.2,2964.1,4348.9,3417.7,3550.3,3679.4,3852.4,3051.7,2833.7,3613.0,3689.1,3401.2,2877.6,721.9,3078.6,1384.1,3413.7,196.0,0.58
마천2동,18706.5,17853.6,16863.6,19973.1,22097.4,18837.6,17241.9,18827.6,18066.0,21536.5,20366.1,20419.2,17133.8,23828.8,21210.6,27063.3,19484.5,19333.9,16144.5,14954.4,4276.5,10923.3,3783.2,11543.4,,0.89
망우3동,3308.1,4990.0,3151.3,5372.2,4572.5,5007.5,3599.5,3786.2,4006.0,6604.9,6123.8,4767.8,4921.3,7871.2,5733.2,6228.0,6364.5,11336.0,10366.1,9351.3,2873.7,11249.1,3361.5,5760.5,,0.92
망우본동,32265.5,30031.4,28804.3,29785.3,24855.7,25932.0,21048.0,20611.6,22025.5,28292.1,26796.2,29352.4,23803.3,29047.0,31889.7,27356.1,30357.7,31986.8,33728.4,33568.4,10228.7,33673.0,10850.1,29974.2,256.0,3.03
망원1동,25667.3,31670.4,31978.4,33983.4,29614.6,33311.0,26258.9,27958.2,26006.0,35405.9,32089.8,33590.5,31629.1,35910.5,32649.7,33413.9,35979.0,37277.2,38479.5,41289.1,12775.8,38683.2,13987.9,36669.6,1156.0,1.14
망원2동,29428.7,29441.0,31868.6,33577.2,28206.2,20318.1,19170.4,17373.2,16187.1,25113.6,22759.4,23682.5,24137.6,28810.0,33496.9,28409.9,30408.2,37684.6,36688.7,36733.0,11646.2,40750.9,14010.4,36400.6,,0.67
면목2동,5532.4,3236.5,2836.6,2258.4,2519.3,4812.3,5258.9,4962.1,6104.2,5940.8,5294.4,6182.4,4448.1,5818.2,6468.4,5751.7,6790.2,7217.2,7159.1,6514.4,2068.0,6387.9,2409.4,5833.7,2601.0,0.77
면목3?8동,30981.0,34149.4,34229.2,29426.3,28661.1,27600.3,24058.7,23708.1,22467.0,29133.0,23530.1,27252.4,22019.4,28116.2,27999.7,26910.1,25570.0,28312.2,26635.6,26413.1,8044.7,25292.6,7132.4,23746.7,,
면목4동,2367.5,2690.3,2959.3,3462.8,873.4,732.5,1568.0,2256.7,2319.1,3438.4,4224.6,3822.8,4197.9,6038.2,5481.2,5953.4,5566.1,7063.8,6721.5,5763.0,1376.5,7522.3,2052.9,5506.8,,0.87
면목5동,6148.7,5289.9,6053.7,5868.7,4460.9,4231.5,3999.8,3978.8,4532.6,6122.7,5716.3,8033.0,6877.6,9170.1,9466.1,7965.3,7901.7,8790.5,7990.8,6113.5,1985.5,7413.1,2618.3,6554.3,,0.7
면목7동,19084.0,15638.6,13512.5,14666.9,11064.8,14907.9,12053.5,11781.8,10790.1,14833.8,13431.9,15527.7,15712.1,17555.8,17314.9,18107.6,20522.4,21342.7,23938.4,24002.0,8131.6,24381.1,6530.5,22554.1,,1.2
면목본동,23009.1,22770.2,22632.0,20247.5,16911.1,16754.0,14260.3,14192.0,15757.4,17084.8,17509.5,19198.2,18499.5,21810.8,21590.4,19965.8,23000.8,23061.9,22343.0,24169.2,7254.3,22451.6,8101.7,22633.1,,0.84
명동,2892490.1,2964704.9,2821373.2,2650326.1,1321840.8,1035308.4,904085.5,889756.1,903982.3,1133398.5,1124892.7,910689.8,870261.5,1242576.3,1125198.8,1127872.1,1151984.1,1220132.7,1097808.0,1203919.1,380365.1,1149594.6,417683.4,1070210.5,121.0,0.99
명일1동,31608.1,29968.3,31200.9,32555.6,31039.2,33815.2,26939.1,24772.2,25451.8,29473.7,27257.3,28305.2,27333.6,32401.8,30825.7,28340.2,32219.1,33138.9,25248.4,28114.7,10360.6,31638.0,9801.6,30106.9,841.0,0.61
명일2동,25538.1,23584.6,28108.7,26033.0,27480.4,26455.8,24067.7,21858.6,31316.0,29692.5,35617.7,33706.1,33317.1,32214.6,34771.9,29426.6,36413.8,34262.5,38462.8,36276.4,13747.7,31606.6,11988.4,30252.6,,0.97
목1동,16938733.3,19304649.7,17781556.5,20170551.9,20165687.3,21449751.2,20912427.7,21268052.5,19769673.0,20394370.5,18543774.8,19215593.2,17710267.8,18220176.1,730471.6,706395.7,680569.2,709321.7,687166.1,741408.8,204350.2,666507.8,240094.8,732049.2,3600.0,1.41
목2동,19812.5,20749.0,21388.2,21858.8,22926.3,27802.2,18277.1,16425.6,16776.5,25889.3,26290.2,25340.1,26772.7,28894.8,31255.6,30272.5,28131.2,32084.7,27229.1,25986.6,7710.5,27124.5,11621.9,25773.3,,1.03
목3동,36233.3,36710.3,37772.7,40042.4,32608.2,34603.3,28071.5,30142.8,29486.4,35881.3,35018.8,38363.1,33493.9,42500.6,41313.9,41732.6,45642.0,43962.1,39311.4,41393.0,14231.5,43260.7,14230.7,31005.0,,0.53
목4동,13210.9,13125.0,15415.9,14956.3,14870.7,17654.2,16768.0,15486.3,18208.5,30297.0,26193.9,27346.6,27334.1,35146.7,35583.1,33184.8,35503.0,35181.1,33402.6,29807.0,11494.8,30524.3,11633.0,28116.7,,0.57
목5동,28798.0,28418.2,32989.1,30480.9,22003.2,24573.8,21855.6,21781.3,25603.7,35071.0,30883.5,40823.4,32222.9,38488.9,38706.4,37284.1,41866.7,39781.4,41877.9,41184.7,16259.0,43972.7,17355.3,45852.6,,1.81
무악동,1558.4,1920.2,3451.9,2361.6,1900.3,1986.7,1123.1,1088.3,1372.8,1745.4,1603.0,1800.0,1666.4,2099.3,2675.9,3342.6,3462.4,10291.8,3402.5,3088.5,1347.9,5044.6,1913.9,4312.5,1.0,0.36
묵1동,20562.3,22131.5,24751.2,23907.4,20555.5,23574.1,16841.6,17583.0,14416.7,20918.7,17389.8,25290.5,18625.0,24343.8,23834.5,26454.1,23921.9,26191.4,22436.8,25062.0,8077.5,23732.9,7799.4,25513.2,361.0,1.2
묵2동,18480.2,19390.5,22772.6,21743.3,19800.5,19208.2,16545.4,18135.7,13561.9,19476.6,23307.8,26029.6,18471.4,25247.4,28569.4,26589.8,26008.4,28054.4,32088.5,28212.4,9954.1,28841.7,10601.9,28124.2,,0.67
문래동,136323.1,143993.3,176915.6,156438.8,194900.2,223212.4,200250.6,210640.5,211288.3,228159.0,207399.9,222966.0,205588.2,206843.3,203785.8,195673.5,217244.7,236852.4,241995.8,221980.9,62788.1,197561.5,66804.7,88861527.6,64.0,1.49
문정1동,39429.7,52359.6,39766.1,63000.6,36608.3,58198.1,41054.8,61979.5,37537.9,51122.8,40992.6,67021.5,47718.5,59747.0,46442.3,65347.4,55958.9,68744.6,54508.8,73691.7,20745.3,62597.7,18733.4,73667.5,1156.0,0.56
문정2동,95346.2,95316.2,101362.1,105771.4,76095.7,84415.6,69345.9,54902.4,61763.1,83072.4,72337.6,86370.6,76549.4,99910.0,91556.5,95188.8,93556.6,119014.9,111816.4,109220.9,32461.8,113180.6,40089.4,111114.2,81.0,2.2
미성동,24371.9,28719.6,26131.6,24905.0,19179.7,20953.0,19398.8,20400.4,19022.2,22184.0,20269.0,21721.4,20932.5,20670.0,21344.6,25129.7,22223.8,23004.8,21026.5,22254.7,7979.5,21627.8,7213.8,18764.5,,1.38
미아동,19640.9,20531.7,20385.0,23028.8,19531.4,19454.9,16738.8,15945.9,17818.2,21173.0,18540.7,22095.7,20212.0,23790.9,22100.7,23967.7,27150.7,26045.4,24575.3,25238.7,7335.0,25680.7,8891.5,21263.6,,0.93
반포1동,82323.8,120885.7,114504.1,95382.5,78482.7,107781.3,100776.8,85952.4,63372.7,102864.4,100964.0,95426.4,74906.9,126891.9,119049.8,94199.8,81012.5,127504.7,106870.4,96073.8,39984.0,118894.1,37270.6,88930.1,,1.0
반포2동,2206.9,4639.8,5443.8,4134.9,3461.7,4690.1,5425.9,3431.8,5088.8,9369.8,8110.4,9224.2,5632.6,20430.9,8306.9,9339.6,7243.0,16343.6,8735.6,7839.2,6090.3,12329.6,2447.6,8137.8,,1.35
반포3동,42318.7,46434.3,47863.1,45239.3,37244.7,47520.8,46038.1,39253.5,35954.1,46379.4,43642.4,43452.1,43945.4,55273.4,65657.7,68868.0,76112.3,82516.3,78504.4,82036.2,29748.6,87776.5,33501.3,74425.2,,1.28
반포4동,233302.5,277030.1,294501.8,386443.9,164012.7,141553.1,151907.3,147267.1,128012.3,142882.8,137267.1,178348.2,147630.1,190124.1,201254.1,167367.1,174122.2,157981.8,154580.3,151855.0,47766.5,145309.0,53527.4,158149.3,,1.43
반포본동,8245.5,7888.4,10149.1,7832.8,5920.2,4592.4,1814.1,2933.8,2902.7,4419.8,2052.1,2897.0,2574.5,3034.2,3027.5,5381.6,3734.0,5847.4,4339.8,5111.8,2048.9,8650.4,2220.8,8987.0,484.0,1.01
발산1동,4404089.2,4531542.1,4487893.3,1743017.5,135902.3,145818.7,156601.2,183475.9,194162.9,215727.4,202203.8,219098.8,196935.2,183591.1,113084.3,113340.7,116184.2,132693.2,114921.3,108932.9,39670.1,119597.7,44406.3,117664.8,484.0,2.94
방배1동,36485.3,34489.1,34099.4,37821.7,32095.1,29107.0,25414.3,26141.5,28055.6,30758.7,29900.7,40154.2,38693.0,34009.7,36642.5,37001.9,42160.0,36021.1,35144.6,39615.3,11282.8,29673.7,8891.5,30656.5,,0.7
방배2동,9249275.5,9139078.8,8230958.3,9650114.3,9195930.4,10353472.3,9081381.8,10117475.6,8684690.6,8279576.4,7706382.0,8003220.6,7982953.1,7299175.6,7035837.5,6627195.8,7043783.6,7559046.9,7070488.0,7530083.1,2508509.7,7906802.2,2479936.1,7147981.9,,1.93
방배3동,12189.9,7019.4,8869.7,8709.0,6449.6,6084.9,6261.1,5696.7,7555.2,7380.1,9025.8,9324.6,10847.1,10321.5,11665.3,10659.7,12970.2,11982.0,12217.3,9622.7,6642.5,13033.9,3417.5,11916.8,,2.4
방배4동,42887.0,40936.0,41426.3,41418.8,36144.9,36632.6,34733.7,31077.8,36021.7,63521.8,48166.8,46236.6,53069.9,67684.2,69729.6,65873.3,67959.2,68982.6,60467.2,52404.9,20305.4,49212.4,18980.4,46837.1,,0.98
방배본동,32748.9,37529.6,33465.6,29854.3,26304.0,21974.6,36308.3,36105.1,35409.5,41729.5,42614.9,44442.9,28172.3,29216.3,33937.2,29572.2,32970.2,39352.9,39088.3,36197.2,12242.9,35319.0,13573.8,31520.4,,0.67
방이1동,12691.1,16206.7,14654.8,15731.3,11935.4,15184.8,11377.3,9868.3,9538.7,11160.4,11668.1,13648.1,15049.9,15125.4,16973.8,14208.9,14534.0,15449.8,13078.7,13274.4,5234.8,15836.4,6057.4,16274.4,1024.0,0.5
방이2동,92346.1,109521.8,108980.7,101209.4,85511.5,96715.8,95667.6,87981.7,77214.6,98972.9,93418.6,107838.8,90189.2,109511.9,110732.6,101544.5,98560.5,103075.4,99974.4,90808.7,5441230.2,16307865.9,6006696.0,15707375.2,,0.8
방학1동,51631.0,47139.4,50115.5,50021.9,53177.4,46286.4,45786.7,43744.4,36351.1,36389.7,32251.6,37242.9,36312.7,38055.3,40069.3,37974.8,35885.5,35024.0,32769.5,32195.8,9832.1,33834.4,13367.7,36978.7,484.0,0.69
방학2동,4702.5,5651.2,6497.5,6458.3,5666.2,6092.4,5445.5,6281.2,5089.2,5933.5,6531.1,6154.6,5874.2,7068.5,6048.1,5367.8,5580.3,5511.7,5221.2,6294.5,1823.5,6142.0,2189.9,6092.4,,0.74
방학3동,8677.3,11757.4,10323.6,10469.5,7076.6,7714.6,11138.1,6402.4,9579.4,13719.2,9300.9,12381.0,10082.6,12535.5,14064.8,12669.4,14514.1,20689.3,15317.0,17064.2,4311.4,15793.1,6393.7,13508.8,,2.62
방화1동,48035.1,45932.4,44645.3,43986.3,48529.8,50209.3,35469.4,33666.6,36024.9,48415.3,43958.5,44619.2,39955.7,53269.4,49530.2,52554.0,52578.7,49349.0,54078.3,49892.8,13674.7,48498.5,16487.8,39866.3,,1.48
방화2동,435035.9,440971.1,430121.6,442387.7,276391.0,289461.0,285830.0,320902.1,100395.5,29427.9,27171.6,23778.4,22978.2,29798.0,31468.7,28782.8,27367.1,29572.4,30371.2,27387.2,7987.4,46577.5,17699.8,49731.9,1.0,6.41
방화3동,20344.3,19461.1,18102.1,16753.4,10926.4,10864.6,10286.4,8704.5,10461.7,12982.1,12928.1,10573.3,12216.6,20898.4,18297.8,17757.4,19104.5,27964.8,27803.0,23348.7,6740.8,18281.7,7290.3,16038.4,,2.55
번1동,82384.4,84851.5,84136.8,97856.7,73599.0,65048.1,57198.3,64201.2,53634.3,58987.2,56861.0,70079.4,60815.5,78740.7,76157.3,83986.0,75096.8,75674.3,74030.2,94698.9,25445.2,75834.9,25840.2,82199.6,676.0,0.66
번2동,9171.4,12674.7,12869.4,12376.4,6463.9,17253.7,11165.7,10184.1,13466.9,16994.4,17189.2,12924.8,14912.0,19159.9,16926.7,9938.4,12735.7,18256.3,15709.0,12285.6,5120.6,16473.8,4907.6,12990.2,,0.95
번3동,2656.2,3506.3,4231.1,4399.5,4102.6,5247.7,3483.6,3825.3,8188.6,8538.0,8466.2,8152.2,7311.1,8610.1,9300.7,9051.9,9185.5,9800.3,10056.7,9658.3,3504.5,10526.9,4169.6,9370.0,,1.1
보광동,5158.9,7540.5,5218.6,6511.7,3456.9,3959.7,2765.2,3531.0,3235.5,3900.7,2648.3,2509.8,3407.4,6150.2,4538.7,4481.3,4660.2,4714.7,4329.2,3791.6,1326.3,5425.1,1265.4,3203.9,36.0,0.71
보라매동,41899.9,40054.5,27328.3,29244.5,24095.8,23267.3,12143.7,10554.5,12099.8,15375.4,14310.9,16255.2,14754.1,18836.0,22066.8,21046.0,24890.4,23322.3,25660.3,23801.2,7893.9,23550.8,8142.0,21488.7,4624.0,0.76
보문동,12115.5,11960.5,9439.2,10433.2,8230.4,11035.1,9874.1,9619.5,12319.8,15101.5,15069.5,12600.6,11935.7,14310.0,13802.1,11936.2,14856.6,12951.4,14326.5,11891.3,4433.2,13288.5,4739.7,12413.2,25.0,0.56
부암동,10725.7,14630.4,14108.6,18219.3,9208.6,6469.6,5797.1,7627.3,5084.6,8147.2,7228.7,13499.3,7306.6,14548.9,14803.7,22133.2,13174.8,25306.2,31508.5,19332.6,4789.1,18118.5,6723.2,29165.7,36.0,2.27
북가좌1동,9618.6,10864.4,11656.1,12139.3,9847.9,11544.7,10126.6,7030.1,9324.9,12932.4,11592.4,13961.8,12399.2,14214.2,12154.4,13651.0,16036.0,17027.3,13533.8,15431.9,4377.3,14691.7,5644.6,12686.9,196.0,0.55
북가좌2동,10661.7,10318.4,10779.0,12507.9,14368.2,14182.8,11280.7,11688.5,12369.4,14539.0,14730.5,14074.9,16436.4,19727.4,20126.4,20280.5,22209.2,21922.3,26070.0,24637.2,7905.8,25292.0,10584.5,24251.4,,0.84
북아현동,8831.7,7190.0,7729.3,5210.6,5059.8,4569.7,5965.9,4526.1,5297.2,7601.1,8075.8,8536.8,9339.6,12240.5,12101.6,11349.7,11899.5,12054.2,11933.1,10813.7,3890.7,12221.2,4387.5,11146.0,49.0,0.46
불광1동,49685.0,54222.2,54332.0,54464.3,48878.3,54370.4,45661.1,50072.1,46042.5,56549.9,49141.4,50297.1,39195.0,48746.1,43787.6,46510.8,47345.2,49661.2,50449.3,49703.1,14809.7,45487.3,16031.6,39312.3,400.0,3.13
불광2동,20469.9,23691.5,23931.0,22684.5,19547.2,18865.6,15268.5,13920.9,14466.4,16862.7,16394.5,18245.7,16421.5,17528.0,21200.3,18668.3,22130.1,21128.9,20937.2,18589.1,3918.2,14029.6,4579.8,10228.7,,1.38
사근동,31475.5,31213.0,37684.1,34600.2,31099.7,35170.8,31054.1,24917.8,24789.4,30708.1,27656.8,29292.1,25534.8,27024.4,32006.7,28708.0,39793.5,32647.3,34263.0,28980.0,12114.5,31735.5,11279.9,25577.8,361.0,1.1
사당1동,49461.7,56037.3,60369.9,64832.8,50740.0,54365.0,43105.5,39781.4,41898.5,46664.2,47776.1,53233.9,39232.4,56829.5,53586.3,50542.9,53022.3,50100.9,46195.9,50867.4,14863.9,48706.3,17007.3,57104.1,961.0,0.79
사당2동,42243.5,47303.5,53494.3,49568.4,45638.9,40102.4,33188.4,31551.8,30003.9,41645.8,46236.5,46242.9,40912.3,48300.4,49804.1,43994.4,51096.6,58704.8,53974.6,49628.6,15964.6,51147.3,20617.2,48688.1,,2.75
사당3동,13080.2,11808.0,14756.9,13546.6,13727.6,14785.9,12536.5,12821.4,11258.5,15392.5,14368.3,13641.0,12499.8,15297.0,14679.6,15822.7,15417.2,14381.5,11097.9,12510.8,5150.3,14517.2,5811.0,16259.2,,0.92
사당4동,8433.4,8156.1,9970.4,8630.1,10061.5,8101.8,5280.9,5186.6,5498.1,6140.4,5858.8,6579.1,6960.5,7374.7,8740.1,6766.2,9140.7,9438.8,8026.2,9215.9,3820.5,10953.8,4465.8,10157.9,,0.38
사당5동,2237.5,2197.1,2648.7,2245.4,3577.6,3326.5,2762.0,2545.0,3380.9,5769.6,3894.6,2906.7,2835.3,2504.8,1829.2,3160.8,4993.6,5755.3,5274.6,3538.2,2638.6,5686.7,2554.0,6858.2,,0.57
사직동,124179.1,127081.8,136916.9,155370.6,109345.5,84995.7,103937.2,105767.1,109307.2,135313.7,136778.4,173473.4,148450.1,152034.4,162826.9,168214.1,171366.3,162053.2,161372.2,182431.3,51581.5,164726.1,57803.9,193343.9,81.0,1.23
삼각산동,11279.2,11268.5,14226.0,12955.7,11843.6,10662.0,9249.0,9180.1,9846.2,10891.4,9932.4,13046.7,10180.6,13180.7,12033.3,10839.4,12951.8,13997.5,13115.5,12947.8,3802.7,10544.2,3849.5,9188.2,,0.62
삼선동,29365.9,32485.6,27323.9,33837.2,22562.0,21627.0,18366.6,18491.4,16425.8,16849.1,16600.2,17150.8,17748.6,20443.2,19048.6,19880.0,21360.3,32006.3,25163.3,25009.5,8799.9,30159.6,11941.7,25763.9,576.0,0.92
삼성1동,12632145.5,12355806.0,9954052.7,11881951.5,12334649.8,10197046.6,1233065.2,1319821.9,1156061.1,1404571.2,1312711.9,1579400.9,1329014.0,1613064.1,1626863.9,1588948.4,1319829.9,1542593.8,1563037.7,1563091.1,500963.6,1819772.7,453895.4,1117691.2,1764.0,1.94
삼성2동,89424.0,104922.2,93708.1,88996.3,69794.5,71436.0,73125.4,69835.9,70227.9,94379.9,80484.8,99444.0,96873.7,113042.7,117525.5,116223.5,112536.5,134661.2,134063.0,127421.2,38906.6,114828.4,43445.3,116243.0,,1.24
삼성동,6422.7,7496.6,8857.7,7711.2,6471.5,9506.3,7462.6,8986.5,8616.5,10433.1,9879.8,10166.0,8175.6,9205.1,9992.5,10950.6,12259.0,11764.2,9468.3,10456.1,3403.9,11341.6,3546.9,8729.7,,2.66
삼양동,11951.5,10898.4,11205.7,13836.0,10362.0,10418.4,10404.4,8649.3,8431.0,9052.6,8107.2,6422.4,7140.5,10374.2,11268.4,8853.1,10761.5,9975.9,14411.8,12223.9,4324.3,10767.0,4780.0,12391.2,3364.0,0.91
삼전동,46238.7,52676.4,56957.9,53264.8,57441.2,54681.1,52310.6,55258.3,60166.9,66336.7,62668.1,61940.8,68356.2,77199.8,80157.8,67294.0,71518.0,81805.4,79549.0,78214.8,29089.8,71820.3,26494.3,64293.7,400.0,0.95
삼청동,20783.1,20813.3,20357.4,23651.1,16645.5,14579.8,14717.9,18643.2,20191.1,29137.1,24993.4,36181.9,34265.5,46543.2,39903.4,39748.6,38819.3,44009.7,31937.8,34546.0,9109.3,39533.3,10821.8,29243.0,4.0,1.49
상계10동,15118.2,11917.5,12662.2,10934.4,12426.1,9458.7,7974.3,6509.2,6160.0,6075.5,6649.7,6613.7,6298.7,6651.6,6927.7,7546.7,9287.5,8777.6,8277.3,8318.7,3515.9,8786.0,3617.1,8601.0,,0.8
상계1동,29781.4,28742.8,29889.3,31179.8,30799.2,29103.3,25897.5,27484.2,27326.7,34261.4,30161.6,36000.1,31235.1,42649.5,40366.2,43173.0,39533.6,47038.0,40492.6,42208.6,13553.9,41910.6,15321.9,36652.5,,5.62
상계2동,717078.9,804556.5,791169.0,971269.1,620604.9,802513.0,685166.3,770724.9,662426.7,796713.4,640813.5,901358.4,744836.7,868576.5,797397.9,794257.0,703243.8,773534.6,696979.3,817361.5,211841.4,707262.9,219266.7,720849.0,,0.61
상계3?4동,4929.9,4525.7,5429.8,5332.6,5163.4,4748.6,3567.5,3934.5,4256.7,5909.3,5321.5,5630.9,5541.6,6186.7,7024.3,6605.7,5789.7,5809.6,6022.1,5697.6,2013.4,6544.6,2332.3,4529.4,,
상계5동,15694.5,16362.2,15602.5,15180.7,16711.2,15903.9,13027.6,11310.1,13207.7,14735.0,14765.3,14456.1,13881.2,15794.5,15432.6,13917.0,15359.3,14851.5,15644.8,15130.3,5099.8,16001.0,6438.7,13102.5,,1.01
상계6?7동,109510.1,91435.0,103265.8,93683.1,88595.6,84387.2,78768.5,74911.5,80027.3,88254.1,87938.2,90366.8,95844.7,97919.0,100073.6,94500.0,107686.2,102257.1,102546.3,99541.5,34382.6,96129.4,33840.9,87690.6,,
상계8동,8731.3,9018.5,10193.0,10109.4,7108.7,14353.3,8127.1,9003.3,8857.0,10691.0,11662.7,13830.6,10430.2,13723.2,16486.6,14970.1,17755.4,15603.3,17064.8,15148.3,4639.8,15480.4,5869.6,14470.2,,0.67
상계9동,2280.1,3434.1,3407.9,2812.4,2580.8,1992.3,1924.5,949.4,2734.7,6146.7,6577.4,6330.3,6106.5,7810.2,6748.9,6675.0,5858.5,6844.6,8383.2,8413.4,3833.1,10497.3,4566.4,10638.5,,0.81
상도1동,40144.2,35009.1,40787.7,33077.4,34290.4,26511.2,26033.0,27513.2,29811.0,32429.6,34141.2,33518.4,38943.8,37684.9,42486.1,33858.0,41963.9,41478.1,42834.3,39656.2,19259.3,44201.5,15728.4,42138.2,1089.0,1.51
상도2동,22457.7,22486.2,22240.6,21536.0,22204.2,20616.1,17069.3,16384.1,17233.0,22875.7,22095.9,25824.7,19898.5,19799.4,20683.4,21760.4,24402.3,23458.4,22889.4,22131.9,10606.6,20426.9,6444.4,17941.1,,0.98
상도3동,19366.2,21984.1,17721.8,17650.4,16453.0,14109.7,11157.6,12827.3,10814.7,14420.7,13231.5,16835.0,14803.4,17335.8,12516.3,15471.7,22359.7,24660.3,25028.3,27348.8,7665.4,23517.5,8370.8,23514.8,,0.6
상도4동,8827.9,8464.1,10590.6,10242.2,9749.6,9808.7,8303.9,8890.1,7181.3,9403.2,9265.8,10841.4,9633.6,13674.3,13573.0,11764.9,12086.9,15959.6,13911.1,12395.5,5227.5,16903.7,5889.5,12469.5,,0.75
상봉1동,6590.8,6844.8,6975.5,4682.6,4266.6,4573.5,4097.7,3560.0,4636.0,6421.8,10122.9,7428.3,4664.2,5705.3,5351.0,5281.3,7430.6,7599.7,6848.6,6454.8,2468.1,7767.1,3220.2,8378.6,400.0,0.88
상봉2동,152566.2,142927.0,154131.0,140837.2,123365.3,111263.5,97049.6,88304.6,90996.9,95335.3,95086.6,88906.3,85471.4,104218.6,104779.0,92461.9,102454.1,102135.6,97610.5,98870.4,31447.9,92421.3,31621.4,88252.1,,0.65
상암동,1752258.4,1419976.8,404330.2,409064.9,587577.4,792307.4,693879.4,722961.8,764002.4,661354.2,689403.7,587811.3,733237.7,658119.6,655441.4,377094.3,573355.8,554614.9,678530.3,559554.1,160604.6,431882.1,157917.4,420374.5,225.0,8.4
상일동,15863.4,22728.6,21625.7,22731.9,21653.4,21320.8,21349.7,24398.0,30843.4,40662.5,38357.8,42171.4,42834.2,50366.8,49245.3,45201.1,45045.1,54031.4,50629.8,52099.4,17249.9,57108.9,20480.1,54450.0,,
서강동,27733.0,27480.8,25506.0,27828.6,22272.3,23059.5,20691.8,19220.7,22584.1,26262.8,24564.4,24025.3,25780.6,30471.3,40108.6,37040.0,42453.8,54123.0,46808.3,51803.1,17920.9,53512.8,18069.1,51492.1,100.0,1.45
서교동,579475.9,601587.5,626747.3,667038.7,502474.6,474019.6,442859.2,464923.9,436493.7,559671.3,492746.6,621387.1,572860.6,680606.9,786530.5,714265.0,717843.3,665960.2,720114.6,714521.2,237057.2,702482.6,277765.9,700081.7,1936.0,1.65
서림동,10375.9,12047.7,18730.9,18018.5,16441.0,18868.4,21380.9,16835.5,21898.0,21889.3,16175.2,17406.4,17808.4,22811.2,23127.7,18513.4,39750.1,25500.0,26791.0,31491.6,15068.7,26361.4,7082.9,17280.2,,0.99
서빙고동,22954.6,25967.0,23276.4,21896.2,20363.9,18574.6,31321.5,34763.9,39675.0,53919.5,49005.1,57214.0,42923.4,52427.4,68838.3,59263.9,61047.0,65657.7,63130.6,63054.1,18390.2,46467.6,16805.2,38128.9,1.0,2.8
서원동,85097.6,90887.7,101289.9,99867.4,83118.5,79661.5,63744.0,65923.6,56812.6,67653.4,61270.7,100082.0,81410.9,96469.9,92071.8,105611.7,92714.3,102984.4,88670.3,112411.4,30669.1,101013.5,34364.4,110956.1,6241.0,0.65
서초1동,92948.9,78665.0,80448.5,77349.2,71118.9,74412.1,62021.5,62617.3,71961.8,76046.6,78389.0,86936.2,69219.2,76633.0,86577.5,81238.7,90092.0,84907.3,72310.5,72304.3,25388.4,77376.7,26712.7,81609.1,4624.0,1.42
서초2동,168926.1,166152.4,183115.3,155131.5,158543.0,180598.9,133047.4,131817.2,116671.6,148962.2,136483.1,152540.0,148695.3,180816.9,177660.9,155834.5,160118.1,221352.5,187484.1,166976.7,54240.0,229080.1,80167.9,170615.1,,1.24
서초3동,145315.0,149642.0,151765.3,143648.4,115139.3,135070.3,7244790.1,9458079.9,11434845.3,12215521.9,10974487.6,12665268.2,16183001.3,15265135.0,13660500.8,15651139.2,18238763.0,16164076.3,13211283.7,16059626.3,6271524.9,16629893.8,5360717.1,17903727.2,2500.0,2.93
서초4동,130217.8,128321.8,166432.9,151548.5,135346.9,109593.8,120332.2,120358.0,128043.0,135775.9,140709.3,157041.5,140051.0,147429.3,163990.2,149239.5,168972.8,150416.1,176982.2,158412.6,56440.2,178814.8,65718.1,155302.2,,0.88
석관동,27023.7,33825.1,28927.4,31921.1,22479.2,22906.6,22140.6,20757.0,19590.5,24476.8,26265.1,33071.5,26102.6,33394.0,29297.9,26907.3,25745.0,28900.9,24741.5,26073.9,9516.4,30290.3,9486.5,25115.0,169.0,1.73
석촌동,53665.7,63894.7,65318.1,71744.2,53023.4,59756.0,52295.1,48119.3,46639.9,60797.8,60607.2,55958.6,55848.6,66539.9,68292.1,63524.9,67624.2,67961.6,69410.1,59457.7,20635.9,63853.4,21110.1,59595.8,900.0,0.95
성내1동,38014.9,69326.3,52972.7,43509.3,29367.0,25205.6,24077.2,20683.7,22926.6,37491.1,35746.2,34590.4,29182.5,41665.1,36973.1,50094.4,46517.6,52788.1,52245.4,56336.3,12169.6,43929.1,16862.3,39965.4,1444.0,0.58
성내2동,28059.6,25317.8,20108.4,23638.1,24260.4,26616.0,21096.2,25980.0,27658.7,35732.8,31881.4,30478.6,27538.9,37155.2,32753.6,34059.7,40650.5,36926.4,34654.0,38440.3,10460.8,34787.7,11170.9,34349.0,,0.67
성내3동,40368.6,46457.6,43224.1,39449.4,35226.5,40568.6,31328.9,27609.0,27303.8,33798.9,35774.3,33241.0,31881.4,38816.3,41071.0,41738.4,45494.2,48120.1,46957.9,44131.3,17607.8,46777.9,19805.4,48690.3,,0.71
성북동,11029.2,15534.5,13655.2,15234.3,15330.5,13535.1,11445.3,12372.3,11264.5,16366.7,12975.1,13932.3,13475.4,15071.4,15131.2,13631.2,15283.8,15785.5,15875.5,16784.5,5798.3,22726.6,4544.8,16396.5,9.0,2.86
성산1동,16807.0,20705.6,20366.5,18774.2,17797.2,20833.3,16476.3,14784.5,15961.0,21828.0,17218.5,23376.1,24505.8,31319.2,27002.8,29423.4,34271.2,31153.9,28364.9,30630.5,10018.7,31010.4,10299.9,28743.5,121.0,0.8
성산2동,78876.9,85097.3,84388.9,79506.3,92857.8,77302.6,84531.7,80327.4,53381.0,26525.4,28918.9,32045.1,28080.4,46063.9,44680.9,40601.6,36824.0,43611.7,40246.5,39477.4,13349.7,38698.8,14638.7,34871.5,4.0,2.07
성수1가1동,15015.5,12534.8,20315.6,19453.0,18843.4,15811.8,17243.5,14868.8,19061.1,28766.6,29802.9,31271.9,28199.3,26908.4,26018.3,27150.1,31986.4,28968.2,29200.9,27933.3,9762.8,28704.7,10500.7,22265.1,361.0,1.97
성수1가2동,26874.6,32293.2,29287.3,36235.5,30818.6,39291.1,31277.7,40008.6,32067.9,47141.7,37112.5,50702.3,34682.7,57448.9,34598.8,33192.2,40947.1,45724.5,64040.6,99387.8,39256.6,166011.6,73022.4,427701.6,,0.89
성수2가1동,31630.4,31714.5,28444.6,30698.8,30196.3,26165.4,24166.2,23529.2,21583.5,26715.6,25984.8,29341.5,26234.3,29864.5,28750.9,28721.3,29719.5,35972.8,31678.9,34205.1,12010.8,45690.5,15963.8,48241.0,441.0,1.17
성수2가3동,46552.8,47131.4,42979.7,74204.7,45949.4,61299.3,48087.1,78997.9,55300.2,78697.4,67828.4,106935.3,77618.6,88897.5,68068.8,95068.7,72676.5,92847.4,81915.2,117968.3,29988.5,101127.3,32835.0,105090.3,,1.03
성현동,11068.6,15546.0,12157.2,12911.2,10364.9,13000.1,8706.3,6306.1,7697.1,11995.6,10073.4,12763.1,10619.5,11497.4,11584.6,8183.6,9512.4,11307.5,15514.8,11689.3,4031.5,17497.8,7044.8,15734.7,,0.68
세곡동,17017.7,19743.6,34197.0,40003.8,26760.0,41862.0,32852.7,43192.9,27834.8,38920.2,35263.6,47781.4,32141.4,41511.2,33100.9,43196.0,29070.3,35902.0,33297.1,48982.1,11655.9,43453.3,14085.1,47394.8,144.0,6.36
소공동,96577954.3,97886955.6,99562690.1,111197971.6,116555461.5,123136598.8,129169837.9,142383380.0,141331346.3,145603123.7,146463413.3,164250708.9,166196229.7,158852514.8,152365813.7,163066059.5,164336468.1,159330153.1,164016304.2,181019956.5,61157902.6,186958047.0,72565288.0,198106361.6,16.0,0.95
송정동,4798.2,6117.2,6042.4,4431.0,4912.8,5343.4,4203.6,4998.3,5587.6,5632.5,6464.1,6344.7,7287.1,8995.1,9302.2,8473.2,7673.9,7716.5,6353.7,6270.7,1921.5,5662.2,2268.3,5153.0,9.0,0.75
송중동,53464.0,56414.2,57065.0,64357.1,49795.2,48313.4,38791.5,44879.0,33762.7,46946.5,38723.3,48205.4,37415.0,49814.3,44194.8,40300.1,37187.4,36961.1,35438.3,38448.6,13100.4,42887.8,13939.6,38948.4,,1.01
송천동,25045.6,24819.9,27204.1,25157.0,27286.6,27368.4,25397.0,19173.1,23958.0,25152.5,21024.7,25035.9,24056.1,33382.4,27196.1,23496.4,26638.5,22569.1,26167.7,22197.3,8013.5,23690.1,9302.3,19326.9,,0.9
송파1동,38892.6,50087.1,45750.4,47514.9,39903.4,46560.4,40000.0,43062.5,45893.1,67187.0,65502.9,60227.1,55627.7,73589.0,64453.3,58422.1,64489.8,65336.5,65819.3,68756.4,21084.9,72501.3,23901.9,61567.4,625.0,0.79
송파2동,12475.1,14085.4,15988.3,14475.2,14070.7,16503.9,18280.6,16871.8,22433.2,23999.0,22650.2,20937.8,18769.2,23142.8,16477.8,16485.6,15100.0,16723.3,16415.6,15369.2,5387.3,14730.5,5435.5,14667.6,,0.53
수궁동,5076.4,5926.4,8856.5,7911.1,7443.2,7306.6,6943.2,7898.2,7578.6,8983.1,7252.9,7745.6,5374.7,8472.8,8294.3,7181.8,8298.7,11620.8,9191.4,8672.5,2904.8,9135.3,3918.6,7990.6,16.0,2.67
수색동,2748.8,2829.9,3017.7,3319.9,3340.8,2040.4,3275.8,3746.1,3749.2,5243.9,4356.1,5772.7,4541.8,4803.8,5030.9,4901.0,3555.8,4212.9,3923.3,2356.5,767.1,2099.6,955.1,2088.7,9.0,1.29
수서동,2860633.5,3167046.4,3223498.6,3349711.1,3011606.6,2735235.8,2924728.2,3206313.3,4223085.1,4639180.8,5210346.7,4757558.5,2608291.4,3775658.3,4709519.1,5071786.9,5203037.9,6026378.4,6898698.7,8576829.4,2752415.5,8759201.7,3392995.6,10882559.0,,1.43
수유1동,27240.6,30391.2,26159.9,31687.2,23989.6,26500.6,22516.4,30527.0,23928.5,31586.0,24884.8,38918.1,32723.7,41002.3,33040.3,45561.5,38062.3,40963.5,35339.4,44907.6,11523.6,40712.2,11853.6,41024.6,2601.0,1.67
수유2동,10337.6,10167.3,13805.0,11394.8,10720.3,10770.7,9265.5,9095.6,9676.1,10640.4,10394.1,9025.9,11416.9,11560.0,14224.6,18452.7,20754.3,17021.0,19691.9,18843.1,5780.9,17841.2,5662.3,15250.4,,0.57
수유3동,67656.7,78444.6,72790.4,74922.5,57928.5,55045.5,45688.8,54232.8,44878.2,58146.0,50783.9,62359.2,54366.6,79914.6,77496.7,78312.1,75470.4,80769.8,71860.2,81092.4,24447.7,80018.1,29022.1,85544.6,,0.72
숭인1동,1799.1,1987.7,1958.8,1874.3,2712.3,3198.3,2921.2,2562.9,1113.7,1261.5,1188.1,1478.9,1022.5,838.4,1312.7,1307.4,652.9,624.0,569.2,657.4,200.8,1141.7,218.6,1344.4,25.0,0.23
숭인2동,11723.3,13272.0,14718.6,14421.2,9335.9,8314.1,8570.7,8631.0,9082.5,16493.5,10707.0,10956.7,11206.5,12375.8,13073.9,13321.9,12189.0,12474.8,13094.8,18164.8,4723.8,14808.3,5312.0,15224.7,,0.35
시흥1동,37961.0,45848.7,44315.9,53896.4,41012.9,45531.9,31422.6,38893.2,35106.7,46044.2,39727.7,49987.4,40232.8,55870.9,50143.8,57996.5,53723.3,59487.8,56961.9,63838.1,21443.8,64780.6,20447.7,55733.2,961.0,1.71
시흥2동,3439.7,5500.6,4387.3,4879.3,2187.3,1874.0,1051.0,538.0,746.8,876.0,2734.7,1001.2,1151.5,2316.5,2394.6,1542.8,1201.2,1321.0,1177.1,1207.2,1547.4,2455.4,1103.9,3194.3,,1.26
시흥3동,2858.9,3369.9,3618.8,3678.0,3678.4,3114.5,2104.6,1636.2,2002.3,2545.5,2695.3,2648.8,2888.8,3315.3,2832.3,2986.3,3366.6,3331.9,3406.5,3003.0,1438.0,2338.1,1296.1,2747.6,,1.07
시흥4동,1841.7,1834.4,1920.3,1755.0,1699.3,1693.8,2027.0,1796.2,2063.6,2921.9,2989.9,2580.8,3197.5,4508.9,5119.8,4462.0,4533.4,5385.6,4842.5,4279.0,1385.2,4787.8,2029.8,3463.3,,0.87
시흥5동,11617.1,14889.9,12851.3,15568.8,10876.3,13378.9,8667.4,10463.9,10133.5,10519.1,8669.2,10514.6,6695.8,9083.8,11593.3,12121.9,10141.7,11504.8,9086.7,10201.0,3818.0,11456.0,4373.5,10388.9,,1.39
신길1동,16267.4,15680.1,17049.9,15513.2,12656.0,13013.1,11950.8,15184.9,13589.1,15988.4,17095.4,17596.4,19551.5,23879.2,23085.0,18907.4,21474.2,22955.4,23963.0,21184.6,8702.3,24657.7,9400.1,18576.4,,0.66
신길3동,8698.9,7418.7,9727.6,9107.0,10204.1,10506.6,8610.6,6599.1,7634.9,8649.4,9170.3,10306.6,8868.1,10274.4,10674.1,9939.3,11885.7,10545.0,10270.5,14596.7,5122.1,16678.3,4633.7,15168.2,,0.52
신길4동,5321.3,4792.0,3845.8,3279.8,1790.9,2851.1,1519.8,2804.3,1989.6,3080.4,3203.9,3300.5,2814.4,3254.1,2156.6,1939.2,2198.0,2297.4,1901.7,3572.8,1050.6,3505.3,978.8,3168.5,,0.38
신길5동,3934.5,3671.6,3900.0,4096.9,3310.5,2737.0,2123.9,2721.1,2397.8,3030.9,2609.3,3049.6,2843.8,3715.1,3615.2,3199.6,3580.6,4087.2,4544.4,4009.8,1473.9,3945.8,1611.9,4235.2,,0.47
신길6동,14189.9,16592.8,19066.4,16671.6,21457.8,17694.6,16570.1,14883.4,19859.6,24721.8,22904.2,22813.2,19340.6,19652.1,19200.7,15639.1,20123.6,22819.0,23754.7,24198.7,7473.7,22176.9,9165.4,23483.5,,0.65
신길7동,5480.9,5628.9,6055.4,6385.9,5121.6,3160.2,2838.0,3221.9,4707.8,7441.8,6522.1,6882.6,5675.7,8409.0,9566.0,8700.9,54923.5,170423.2,148686.4,123950.7,45901.1,149645.7,56191.4,109381.2,,0.64
신내1동,25809.8,29055.4,27724.7,27247.8,25340.2,31808.0,24576.3,22708.3,22373.5,29711.1,24871.6,28567.0,29324.1,38112.8,39132.4,35231.1,37883.6,40209.7,36924.9,34963.2,11443.2,36426.4,12970.6,31010.8,169.0,2.56
신내2동,43262.1,38554.4,39615.2,42623.3,48373.0,41651.8,42326.9,41428.2,28833.9,18222.2,17839.4,19592.6,20261.3,18566.0,20589.5,18990.6,20640.9,17027.9,17067.9,18999.8,7308.1,18081.3,8745.9,21858.1,,0.93
신당5동,20252.4,24042.0,21412.0,29584.8,19115.1,19045.0,14906.6,21641.7,15380.7,23633.4,18017.1,24903.6,20554.9,27987.1,31974.7,33553.1,31650.3,29485.9,29760.0,34477.9,10764.7,32554.0,11246.0,32505.5,,0.39
신당동,26127.1,27150.1,25085.4,30777.5,21987.9,24063.8,18840.7,19635.1,22950.8,22899.1,15753.7,22817.3,19180.4,21511.6,20292.3,30790.1,30594.3,28463.6,25625.6,31965.7,8640.5,27489.1,6101.8,23900.7,576.0,0.55
신대방1동,27803.6,26580.6,24956.8,48989.9,45138.6,41917.2,40403.2,35007.6,35150.8,39321.7,41091.7,42049.0,35913.7,38920.4,40369.9,37286.8,29610.6,26420.1,31320.1,26605.2,8947.3,25727.9,10355.0,28279.9,100.0,0.62
신대방2동,40562.5,39475.7,43083.6,39630.1,36758.9,37926.5,31237.7,23367.8,19968.6,29466.1,24855.5,25029.5,24005.0,31524.5,31699.4,31654.3,30205.3,31479.1,31906.8,29179.4,6881.0,30484.6,10357.4,22588.9,,1.03
신도림동,520975.4,541593.4,576302.3,611022.2,402621.4,426278.0,420216.4,418215.2,393359.4,437296.0,387991.6,455495.5,384174.1,507755.8,476589.1,529491.3,469379.5,494492.5,481506.5,515962.4,148819.4,488381.4,181677.7,488476.2,81.0,1.47
신림동,83867.4,86875.5,87940.8,88643.4,75068.8,75186.4,66738.5,66355.7,64721.0,87544.6,73735.9,85442.8,80991.5,95316.6,93397.0,94435.9,102393.5,96579.6,82596.7,85408.4,28437.2,87164.9,32469.7,91518.0,,0.54
신사1동,23832.0,24432.1,26938.2,27179.1,28418.1,27156.1,25121.1,25721.4,23916.5,26383.1,26389.9,25889.6,24664.6,29031.4,26507.1,24822.2,23623.1,26023.4,32599.1,28564.9,9535.3,28360.5,11214.8,26018.2,3844.0,0.84
신사2동,6054.5,6995.0,6672.9,4589.4,2982.3,3504.8,2302.7,1231.7,1207.2,2619.2,2355.0,3336.2,2763.3,2631.6,2640.0,2360.5,2553.5,3221.0,2430.8,2065.8,1204.8,2705.1,1159.7,2727.3,,1.0
신사동,655415.2,709783.9,724123.2,825295.0,660813.0,781410.4,837523.6,848730.8,794955.2,926058.1,848793.8,1013796.9,811309.8,968249.3,886972.5,870295.5,720999.1,740652.5,678090.3,787333.4,278572.3,725669.4,270685.4,799403.0,1600.0,0.64
신사동,655415.2,709783.9,724123.2,825295.0,660813.0,781410.4,837523.6,848730.8,794955.2,926058.1,848793.8,1013796.9,811309.8,968249.3,886972.5,870295.5,720999.1,740652.5,678090.3,787333.4,278572.3,725669.4,270685.4,799403.0,1600.0,1.89
신수동,14436.5,12736.0,9958.4,10588.6,6768.3,6838.2,9575.6,6938.1,9580.8,11067.7,15329.6,12540.5,10713.6,13285.0,21396.9,12584.0,17356.5,14099.2,18765.4,16525.0,5176.6,16728.0,4915.8,12381.0,2116.0,0.78
신원동,6159.9,6643.7,7483.7,6626.2,6882.5,6114.6,5320.9,5549.3,5457.7,6544.9,6591.2,6549.6,6303.2,8256.8,14265.8,13872.2,13943.5,13918.1,14275.2,12708.9,4019.6,12257.5,4349.3,11258.9,,0.55
신월1동,11814.6,12693.6,13251.0,14113.9,12819.4,12765.9,11285.3,10863.5,12656.2,16632.5,13601.4,13581.2,12238.0,13415.1,14054.8,13822.6,13467.0,14210.1,13653.1,16198.0,6322.2,21701.4,6811.9,18407.1,2401.0,0.65
신월2동,4486.5,4911.4,5598.9,6183.3,4739.6,4944.0,3242.9,3735.0,3873.0,5059.8,5123.2,5046.2,7266.1,6976.5,20554.2,9196.5,9235.6,11021.2,9984.4,9109.2,2493.1,7727.8,3427.9,10695.4,,0.61
신월3동,4752.5,5860.1,7423.2,6808.6,5517.3,5598.7,6986.3,2386.5,1857.0,2598.5,2506.6,3231.0,2203.0,3905.1,3971.2,4321.6,4250.8,4520.6,4590.6,4916.2,1451.5,6915.9,1882.8,4232.4,,0.87
신월4동,2282.5,3422.3,2952.3,3078.7,2236.2,3456.3,3314.0,3278.5,3545.0,4815.7,4902.2,5277.3,4100.5,5303.5,5058.9,4667.0,5455.5,5215.5,5463.4,5201.4,2078.3,5599.3,2093.7,6325.9,,0.52
신월5동,19770.0,24239.7,20982.8,25212.6,18155.5,23691.3,17902.3,19788.9,13236.8,20231.1,19193.7,21054.3,16813.4,24313.0,21747.1,24163.7,20952.9,29438.5,23580.0,27876.6,9551.6,28103.0,8184.9,28748.8,,0.69
신월6동,11849.8,13099.6,13040.0,12041.8,10820.2,12470.5,11836.2,11226.7,11605.1,12637.7,13327.3,14133.4,13787.3,14808.7,14578.7,13852.0,13349.5,14469.7,19813.3,18792.5,4024.8,17200.2,6732.2,13398.3,,0.41
신월7동,11430.2,9796.0,12299.1,9491.1,10158.3,9185.0,8221.5,6807.4,7220.4,8730.2,8487.3,9820.7,8256.5,11304.8,11320.0,9712.2,10457.4,11941.5,11183.5,11979.0,3663.0,14421.7,5930.9,15025.4,,1.19
신정1동,11093.1,10789.8,10827.2,11821.7,12712.9,11202.5,11267.8,11082.5,12145.3,15523.1,14198.1,15900.4,15917.9,17469.4,18923.4,15707.2,18929.2,18409.7,18331.1,18066.0,7526.9,22826.9,7812.5,18719.1,,0.7
신정2동,9480.6,9952.3,10921.8,9516.5,6856.4,7447.9,7909.3,8078.4,8131.5,14078.4,14004.9,17702.8,16052.9,21553.8,24886.2,18455.3,23271.1,24470.3,24775.4,22893.7,7903.1,24069.8,9480.5,24728.1,,0.52
신정3동,18153.6,17579.6,19529.4,19546.4,18590.0,14776.2,13588.9,15024.5,15141.0,20005.6,19208.6,21579.4,22140.9,27603.6,30745.2,29126.7,33452.1,37533.3,36780.5,34502.9,12604.8,38663.4,13566.4,37065.6,,2.72
신정4동,58327.8,66465.5,61618.8,69981.3,60009.6,67279.5,51987.5,62973.8,48052.1,68264.8,65779.5,78024.7,61607.4,76941.0,72501.8,69352.0,68921.3,68090.5,65449.2,66091.8,21005.8,64083.4,21984.4,67793.5,,1.01
신정6동,10898.5,14147.0,14898.3,15162.4,11199.3,13502.9,10785.7,11828.6,13199.2,17588.3,15581.2,18160.2,17711.5,17936.6,18936.2,18970.9,19767.0,18129.0,17675.0,18192.6,6576.2,20676.9,7687.9,19084.3,,0.96
신정7동,13115.8,12056.5,12409.2,11544.9,12586.0,12045.2,8662.4,9669.4,8714.0,14430.4,16227.3,15784.9,14256.8,16481.4,16316.3,14744.0,14780.9,15586.6,16190.8,15365.6,6039.1,19109.8,6902.8,18564.9,,1.21
신촌동,189529.0,186876.8,196598.7,182983.5,152490.6,120141.0,108637.4,97473.8,94740.6,108002.3,103892.7,120598.2,110682.4,127250.3,154072.6,134525.0,150290.8,143041.6,152462.0,141139.4,55286.4,142934.7,62107.1,136590.5,169.0,2.63
쌍문1동,7631.1,6102.8,5519.1,5204.3,5617.5,5438.8,3281.6,8662.0,8804.9,10500.5,10465.7,10245.2,12796.7,12763.3,13466.2,12991.2,16128.2,14349.4,12128.0,13627.6,4182.4,15361.2,4613.2,13769.3,841.0,1.24
쌍문2동,36457.8,33376.8,33297.6,32814.6,31206.8,24408.6,22008.8,18915.1,21348.7,25331.8,23325.0,24961.3,25881.1,26407.4,32397.3,29752.5,34361.1,30419.7,26999.2,26764.8,9789.8,31120.0,11580.2,26337.4,,0.54
쌍문3동,13511.2,15514.1,13876.8,14412.2,14804.9,15066.3,11912.1,12025.6,11716.3,14101.8,15285.5,15958.4,16400.9,18416.9,16377.2,15479.9,17185.1,18299.9,16642.7,17299.8,6284.9,17365.7,7475.8,17633.4,,0.5
쌍문4동,5323.3,5405.8,6481.1,5378.5,5972.1,5733.7,4335.0,3834.1,5231.9,9332.2,10427.9,8979.6,8284.4,7497.4,8815.1,10201.2,11661.6,12167.0,11025.1,10477.6,4135.1,9452.6,4060.6,8526.8,,0.52
아현동,25171935.3,27200046.5,31241972.6,32798192.9,34246801.8,36969272.3,44648219.0,48816424.0,88500636.7,90102444.0,80834370.8,83809436.3,83027155.8,81289645.1,86295016.2,90563352.6,81672001.7,83184826.1,85525822.3,96326743.9,29275272.3,99925875.3,40511177.9,41276800.0,676.0,0.76
안암동,40830.2,43259.9,43340.7,45314.0,34796.9,34000.9,26731.1,21704.0,24134.9,29092.2,22786.8,22061.7,26572.8,33853.3,36699.2,31747.4,37265.9,38712.6,38743.8,37677.2,16486.7,39192.6,13908.7,36263.3,9.0,1.33
암사1동,14837.8,15163.1,17351.8,17324.8,19438.4,23026.5,13993.9,13803.9,12892.1,18810.0,15779.6,16557.1,12228.8,17234.2,17451.0,15206.8,14424.3,14923.0,14514.9,15192.3,4166.0,15141.7,6279.0,17885.7,289.0,1.02
암사2동,16152.3,20487.5,20257.1,19542.9,21490.2,68191.5,43810.9,33926.1,32023.6,40258.6,31876.1,37497.3,35002.9,27812.8,33876.4,25015.9,30488.3,26357.7,24009.1,22280.0,10333.9,29930.9,9001.6,24887.5,,1.18
암사3동,8899.5,10998.8,11613.2,6920.2,10143.0,11845.2,14120.2,7367.6,9661.2,13535.5,12043.1,10648.8,10974.2,14764.7,15473.7,13957.4,13081.8,15868.7,16659.8,15463.1,4985.9,17396.2,3540.3,12680.1,,2.51
압구정동,1125390.9,1243966.0,1310706.7,1492421.1,1209910.4,1394785.7,1349902.0,1606385.9,1479735.4,1551855.2,1350016.0,1333223.0,1176889.9,1307509.4,1145815.1,1145263.2,1097659.8,1080829.8,1006277.0,988043.4,363901.2,993722.5,320185.8,851726.3,,2.53
약수동,22143.0,26644.0,29283.5,28689.8,25462.8,26167.8,20083.2,21730.7,22690.1,21660.4,22016.9,22746.6,20661.5,26741.1,26211.6,29451.1,22706.8,25212.3,20563.4,17873.6,6180.0,18129.7,6125.0,17980.1,,0.48
양재1동,66491.8,61052.1,62239.3,66245.3,57455.7,64152.3,47819.4,51833.5,56696.6,66782.6,62811.1,67266.0,63933.2,75103.3,73089.0,73404.3,73244.7,78134.0,78057.9,72246.8,22466.4,71445.4,28656.1,68688.3,900.0,5.76
양재2동,85282.8,100184.6,87938.6,114848.0,63119.5,74326.9,61597.0,75587.3,57113.8,93838.4,64110.2,96086.5,83503.5,112052.2,88028.0,109157.4,109340.3,120442.7,101074.0,122466.4,38098.4,117775.0,33137.1,88599.9,,7.58
양평1동,12973.1,17925.9,20654.5,26717.0,20486.6,25073.0,19196.3,17878.4,15815.2,25223.2,23589.1,26800.3,26055.7,25284.7,25032.3,25641.8,29747.4,46222.1,47355.7,48723.0,15487.0,49743.1,14941.3,41118.9,64.0,0.88
양평2동,45223.4,31593.3,32935.2,31807.9,28818.2,32564.3,35002.9,30495.9,29280.2,46407.0,54469.2,53989.6,43236.3,49372.0,52150.8,45813.9,52452.1,754989.7,807306.2,818404.0,266904.9,857070.9,288918.7,834942.3,36.0,3.0
여의동,1403575.8,1420005.4,1601144.6,1644582.3,1799422.6,1606539.5,1791138.8,1851493.8,1890573.0,2476279.7,2252098.6,2428308.8,2532708.4,2771167.9,2467067.8,2573078.6,2427015.6,2414193.3,2524539.8,2682374.7,895928.5,2589492.7,969684.8,2637975.5,484.0,8.4
역삼1동,60275218.6,64350660.4,62245204.4,68543499.4,73372430.3,72563672.0,75737846.1,78943417.0,77859611.2,76853711.9,80994830.8,90381063.5,90491980.7,99465069.9,108172941.7,109856756.9,108334545.9,106924841.3,102798395.3,109967926.6,34108705.0,102618725.9,37621544.8,106137295.4,5041.0,2.35
역삼2동,2019305.4,2644580.4,3097124.7,3677963.5,4162853.2,3585148.7,3613966.5,4071199.0,4072115.6,4715680.1,5781546.9,6167520.3,6375600.4,6592910.6,7872165.2,8291389.5,8373578.7,9236583.5,9450345.5,11026297.6,3693163.6,13544710.6,5319100.4,19197461.1,,1.15
역촌동,28802.4,25389.3,28510.4,24776.7,24822.4,23603.3,18708.2,18412.8,18650.1,25025.1,21493.9,23593.8,21126.8,27726.2,30251.7,26089.5,30216.9,32512.9,32056.1,28529.8,10752.6,32547.7,12354.3,31831.8,225.0,1.16
연남동,17615.2,18126.8,22032.3,19063.0,14438.5,17072.5,17793.6,15682.1,16514.0,22462.8,19793.7,22066.3,20797.4,25188.8,25062.0,25230.4,22999.4,24699.5,21580.6,26344.1,7339.3,22736.4,8383.1,25367.9,169.0,0.65
연희동,33628.7,50197.0,43878.1,34748.9,34559.6,43573.4,45022.4,37755.7,34795.0,51414.1,49161.0,55899.4,48062.3,69863.4,60028.3,57848.4,63968.6,59236.2,50019.0,51113.8,17859.5,53889.8,19160.5,58752.1,196.0,3.05
염리동,1241677.9,1413437.4,1430963.9,1563210.6,1489050.3,1963468.2,2528930.6,2905309.7,3500490.5,4270834.2,4450905.5,5085437.5,4203735.7,4103196.3,4010414.8,4130889.7,4625265.7,5064801.0,4618600.3,4571975.8,1417298.8,4788195.4,1741441.2,5678366.8,,0.43
염창동,45873.9,46030.2,46328.4,53170.2,42308.9,45338.1,40802.8,41219.6,37707.5,57238.0,51152.7,56363.2,54994.7,67274.0,66834.7,64066.1,64893.8,69860.6,65075.5,63732.7,20951.7,70181.2,22705.3,62025.6,361.0,1.74
영등포동,581775.6,559504.5,573026.6,662694.4,459323.2,493307.6,475497.2,577670.7,493183.2,530623.7,490314.7,655379.5,536263.8,647241.1,632918.0,735961.5,628526.5,635965.5,580496.3,701448.5,194274.9,608047.0,203131.9,666284.4,361.0,1.26
영등포본동,12093.8,12861.7,12775.2,12098.0,21902.7,19955.3,17491.7,14113.9,13900.0,19823.5,17265.2,18236.1,17895.4,20017.2,22166.4,20350.8,22696.8,24259.4,23375.1,22403.0,7208.8,23858.5,9326.6,20898.3,1600.0,1.02
오금동,25788.1,27605.9,29387.1,26682.4,23453.6,22650.0,19968.7,21771.8,20516.4,28239.2,24596.3,33736.1,30543.6,34581.9,35828.6,35034.0,39133.8,38041.3,35695.7,39195.6,11126.3,40379.0,12185.4,39536.0,324.0,1.65
오류1동,25206.8,23128.7,24242.4,24374.4,18764.1,20919.1,15344.7,17194.3,15729.2,18734.5,16472.2,21385.3,16316.0,22768.2,19930.2,21512.2,21326.3,22335.9,19073.4,23513.2,7845.3,24591.2,7456.6,23610.6,81.0,0.59
오류2동,15711.0,16255.1,15144.3,15032.8,14168.6,13469.5,15841.3,16042.5,14475.6,19870.6,16248.1,18801.4,16201.0,19425.7,21482.0,20754.8,20543.8,19130.2,30543.4,25011.2,11303.5,35055.2,12972.1,32593.5,9.0,3.2
오륜동,45497.4,47606.9,47048.5,45661.9,21777.0,8894.6,4241.8,12351.3,17810.4,29471.2,31260.2,33743.9,35024.1,46494.4,46838.3,43730.4,46342.0,51207.7,50671.9,49085.4,17537.4,53220.5,18021.0,29611.7,,3.17
옥수동,21277.9,19352.6,27075.5,23764.8,17507.7,18032.6,21485.1,16084.0,17830.7,21926.7,21148.3,25702.8,18872.2,23455.1,21532.7,26928.9,23684.4,23668.2,30816.8,23602.1,6285.9,28096.0,13332.1,22747.5,36.0,1.94
왕십리2동,14725.3,14721.5,11029.7,14410.4,12017.5,9345.7,7896.0,10892.0,9163.0,12593.8,9791.6,11312.5,10612.9,13377.8,11403.7,11414.9,11034.3,12077.2,12226.3,12859.3,5470.1,15217.9,4802.5,14831.5,49.0,0.41
왕십리도선동,58798.3,51758.0,54715.7,51455.5,47594.5,43050.5,40699.3,34613.8,36259.7,49224.7,42343.5,44355.5,47692.7,48525.8,48903.1,47441.8,44923.3,53077.9,48414.6,47474.5,18072.5,58094.2,18335.2,48217.3,49.0,0.72
용강동,37653.5,45103.6,42504.1,48085.2,46630.3,40393.8,36854.7,34642.6,30319.8,45281.3,44871.0,63269.7,43426.8,58430.8,54500.1,64056.5,49533.6,61727.0,55649.6,59785.5,22054.5,65113.9,24270.9,71362.8,100.0,0.84
용답동,13302.9,15360.8,13357.9,16425.8,13270.4,18963.5,16176.8,13631.6,13749.9,32639.9,31173.0,26624.0,14813.0,35559.8,38431.0,35559.3,40343.5,41961.1,30435.7,30448.9,12677.9,31165.2,10543.2,24043.0,25.0,2.31
용문동,5037.6,5062.4,5456.1,5439.9,5281.6,4680.0,3962.0,3705.8,3596.2,4658.5,3825.6,4375.5,2975.7,4168.8,4190.1,4013.2,5826.3,4761.8,4596.5,5342.9,1140.8,4314.5,1602.4,4306.9,16.0,0.28
용산2가동,7142.1,6902.7,6813.6,8408.9,6409.1,6369.9,10196.5,12577.9,11131.2,15294.2,13465.9,14705.8,13467.8,17475.2,15523.5,12725.6,13396.7,12950.8,12489.3,14259.3,4230.9,14923.7,4194.2,15120.1,100.0,1.96
용신동,37213.4,41247.1,42778.6,45328.4,42594.4,41302.8,42897.5,39526.6,42118.2,49024.6,45106.2,52919.7,41893.4,55132.7,60911.1,53100.1,58953.1,66119.4,54520.8,55831.9,22706.3,65840.5,21919.5,53150.0,121.0,1.61
우이동,13666.2,18085.9,16400.5,23626.7,15033.1,20070.0,13557.7,20192.3,14611.3,17922.0,13205.5,18036.7,19300.1,24943.7,20103.1,22414.5,19907.7,22493.9,16594.8,22198.6,5866.3,23880.2,6875.7,25101.2,16.0,10.28
우장산동,23275.0,28270.0,30053.5,28418.0,23322.7,26043.1,25146.4,25258.2,25230.5,31620.7,23211.2,32970.0,27379.0,39113.7,39181.3,42145.8,41536.1,47128.5,40036.5,38097.8,12473.6,39920.1,14749.7,35026.1,,1.36
원효로1동,18223.5,18427.3,26519.3,19269.8,16163.4,24522.5,16689.8,14241.1,18112.0,21382.1,17938.8,25229.1,17072.2,18519.6,21197.1,21851.9,24859.5,24628.5,25114.5,27806.0,9401.1,25750.4,8563.9,27296.0,16.0,0.59
원효로2동,7402.1,4287.2,3448.1,3343.5,4019.2,2295.4,2716.7,2603.2,2116.5,2658.7,4648.5,3647.3,3663.6,3872.6,3785.8,2999.0,3714.3,5529.3,8651.0,6302.6,2029.7,6065.0,2378.3,4260.7,4.0,0.71
월계1동,41918.3,46455.5,48918.1,49242.4,43973.0,35963.2,29120.8,30148.4,30611.9,34385.1,33228.8,32022.5,31573.6,39255.8,41900.9,36013.5,44862.5,46220.7,41816.9,43478.5,14098.1,43600.3,16046.8,40562.1,225.0,1.16
월계2동,5689.3,2140.7,4374.6,1747.0,2724.8,1606.4,2170.9,1523.4,3960.9,2208.7,3872.9,3758.5,4767.1,2849.9,3966.8,2909.8,3370.8,2489.9,3251.0,3681.5,1277.4,4107.2,1217.6,4646.0,,1.94
월계3동,7239.7,5533.8,6975.3,6003.4,6003.7,7493.4,9251.7,7980.4,8884.3,10662.9,10936.5,11247.8,12277.8,12882.1,13088.5,11564.8,13135.2,13700.7,17151.8,16141.8,4877.6,15018.7,5368.5,14909.0,,1.17
월곡1동,7965.5,9187.7,10227.0,10924.8,9499.4,9286.8,8039.0,8905.0,8754.0,10626.7,11698.6,10698.7,9659.1,12808.9,13085.8,12426.2,14952.2,14211.1,13964.8,14612.0,4237.9,13529.7,4775.6,10456.9,,0.81
월곡2동,43905.2,37276.8,43924.5,39140.4,35717.2,36651.5,32510.7,30278.1,27640.7,34402.5,32529.1,35342.1,35543.3,38315.0,39315.5,36481.9,45378.8,36748.2,37947.2,34595.4,12266.5,38191.8,13381.9,31737.3,,1.36
위례동,8943.5,10395.2,11541.1,9257.1,7620.3,6435.6,6205.4,8707.9,10840.7,16072.2,16852.9,17983.1,17611.9,20868.7,23707.8,19690.0,19437.2,23849.6,22677.7,19649.5,5770.3,23171.7,7973.7,21339.3,,2.55
은천동,13875.7,14831.0,17493.0,17733.3,17255.2,18484.7,16001.2,15230.9,15752.6,18512.9,19090.6,19503.9,18983.2,22330.7,23753.8,23210.5,25341.1,27177.9,27386.1,28885.6,9341.1,27243.7,9778.8,19135.8,,0.78
을지로동,1001266.3,1186408.4,2256857.8,2302708.9,1714876.7,1246565.8,1400725.3,1385078.2,1260985.2,1434209.3,1386248.1,1493124.5,1923721.3,3061788.2,19277322.0,20365177.1,21363542.0,21596354.3,17190838.6,15162769.0,4334474.8,14196146.8,5067931.7,13408843.1,16.0,0.6
응봉동,1059.7,1285.0,2165.2,2385.1,1805.4,1716.9,993.9,1608.9,1864.2,2757.3,2511.5,2395.4,2489.1,2106.2,3089.2,2636.3,3070.6,3295.4,3356.1,2508.2,886.2,2381.5,512.2,1232.9,,0.57
응암1동,24338.9,28269.8,26964.5,27560.8,20993.1,26161.6,24171.4,26433.8,26852.9,39391.5,38634.6,46819.5,33922.8,42196.4,45160.1,40471.6,46831.9,45864.5,44425.2,41741.9,14258.6,40613.1,14814.4,32360.4,1089.0,1.2
응암2동,3260.8,4670.6,4801.4,4856.4,5101.2,5554.0,5150.2,4776.7,6972.2,7333.5,6783.3,5404.1,4683.3,5169.5,5714.3,6063.6,5355.7,6983.8,6587.2,6035.5,2275.8,6660.1,3246.4,6622.1,,0.78
응암3동,26731.8,26786.1,26830.6,25472.2,23246.2,25628.8,20894.8,22479.4,21616.8,26022.6,23145.5,25433.1,23522.1,26638.9,25747.1,23293.4,23419.8,19153.6,19702.4,19554.3,7835.0,19678.9,6838.8,18098.2,,0.63
이문1동,28394.3,30211.9,32092.6,32403.8,27203.8,24418.7,20606.4,19532.1,20097.8,23566.2,22422.4,22474.7,21696.1,29747.7,29424.9,28533.6,31015.7,31873.1,32219.1,29664.4,12268.0,32004.1,12152.8,18892.3,81.0,1.04
이문2동,1286.1,1372.8,1915.8,1576.5,1265.0,1564.7,4983.8,4334.1,4595.8,5326.7,4688.1,3959.9,4321.6,4434.7,5177.7,4512.3,4633.2,4839.5,5177.4,4409.4,1349.2,4651.1,1447.5,4423.2,,0.69
이촌1동,15718.6,16026.1,19469.8,24190.3,13500.4,15008.5,18249.5,17206.9,18684.3,25121.2,17145.1,21317.9,18759.5,24220.0,22932.4,14531.3,16850.8,20751.4,14326.2,14464.7,5602.1,17576.1,6218.6,21417.4,16.0,2.86
이촌2동,265.8,363.4,931.9,1154.6,445.7,396.1,183.5,754.5,433.0,734.0,983.1,1575.8,332.2,344.2,225.8,196.4,109.2,413.6,384.2,357.2,1170.6,234.2,79.6,330.9,,1.22
이태원1동,56528.9,61246.7,68646.5,56217.2,46533.6,38154.6,33027.3,32339.2,28733.9,36201.2,34204.9,33598.8,31967.8,42240.5,38353.0,33791.0,31777.5,31524.0,34301.1,38702.8,10552.0,34625.3,10340.7,33258.7,324.0,0.57
이태원2동,7694.5,8867.1,7512.5,6051.4,5583.7,6630.3,7257.5,7514.6,8561.3,12487.3,10517.2,14192.3,10307.6,17138.6,14390.7,15576.0,17996.7,17740.3,15734.1,15366.1,3278.8,12299.4,5132.5,14318.3,,0.86
이화동,22388.3,23994.9,28544.1,25665.1,17416.5,16016.8,17827.8,19042.1,13781.4,15920.0,17373.5,20469.0,18055.2,22733.9,33253.9,26210.1,20741.6,23490.4,25819.8,23069.4,6339.9,19477.2,9269.8,35663.0,9.0,0.78
인수동,8744.1,9433.2,11096.8,11397.5,9539.5,10510.7,10671.9,8624.8,7434.9,9479.4,9706.5,8604.5,8624.6,8581.3,10575.2,7803.3,9079.5,10620.9,9666.6,9001.9,3055.6,10280.7,3150.9,7847.9,,3.28
인헌동,25092.8,25430.1,28096.9,25830.1,25184.0,24826.3,26433.2,20747.3,21175.4,27594.4,25550.4,27014.1,25423.6,28415.3,27694.9,26723.4,26929.1,31110.8,248243.4,286799.9,93857.9,250755.2,68425.8,19358.1,,1.08
일원1동,13402.9,13329.4,15983.4,16991.3,13828.8,8237.5,8226.0,7568.0,6894.1,8398.6,9342.0,9954.7,10168.8,11107.8,14930.2,15178.5,16008.5,17082.9,14093.1,15540.9,3560.1,12696.5,4286.3,13099.3,,0.92
일원2동,14171.3,10475.9,8532.8,18463.2,8464.2,8933.8,5439.0,8103.7,6371.3,8202.3,6833.7,10007.8,9318.4,10060.9,11119.3,10752.4,12410.0,11457.2,10275.1,11408.7,4255.7,10401.0,5089.4,11687.3,,
일원본동,14042.5,14482.2,15382.6,18657.1,11361.0,9323.1,8735.5,9268.2,10839.5,14892.9,13048.7,13512.5,15243.3,17984.6,16367.1,18750.8,15445.2,17324.9,18581.0,18277.2,5859.3,17687.1,7503.4,15778.4,36.0,2.58
자양1동,21046.5,23656.2,22027.5,23666.7,13850.0,16018.9,13105.2,16293.1,15550.2,19908.5,17730.4,21015.8,19235.2,24782.6,24335.4,23988.3,27080.3,25715.8,23712.8,27341.0,8438.9,25990.9,7564.8,29458.3,1156.0,0.57
자양2동,15344.4,14781.0,18484.9,18757.2,21428.6,27232.0,21032.3,19356.7,20065.4,25975.6,19420.3,19930.3,23646.9,27390.5,26792.0,21986.4,26648.4,27174.6,28676.4,25065.5,8468.6,28211.7,9957.5,22626.8,,1.68
자양3동,27472.1,33053.7,31636.6,34989.3,25362.9,35354.0,22636.4,19659.6,17887.3,25494.7,24500.7,37434.1,31409.4,34673.8,33299.1,31920.7,33670.7,37476.2,35394.3,33886.1,13135.1,38759.8,12475.5,31936.9,,1.2
자양4동,80867.3,89846.1,89505.1,90908.5,72016.0,68530.8,61973.3,62140.0,61071.4,72075.9,64978.4,60740.1,51935.1,67451.9,64445.8,54931.2,62677.6,62335.0,55827.4,59485.2,22067.8,59287.3,19944.1,58202.3,,1.16
잠실2동,18731.1,41869.6,32682.0,20256.6,16124.3,15695.1,17304.4,21296.5,9713.3,22394.8,11419.9,17263.5,10557.3,30901.4,22033.5,18091.2,19609.3,44308.1,39715.2,31747.6,7150.8,33261.2,9825.1,19536.0,,2.18
잠실3동,550644.7,509112.3,513153.2,577355.8,327236.4,168771.9,158619.2,212723.4,182482.8,301319.5,244051.4,432731.7,338440.7,459947.2,500960.0,595962.9,539467.4,490660.1,494153.7,579755.3,156591.3,455570.6,164079.1,540952.4,,1.49
잠실4동,4245.8,4994.8,5260.7,4047.6,2836.8,4525.2,3597.9,4206.6,4871.0,5970.3,4701.3,5048.0,5600.4,6789.2,5644.7,5052.3,6145.4,5856.6,4876.7,7405.2,1719.1,8027.3,3062.7,7826.4,169.0,1.56
잠실6동,724600.2,818439.4,853597.5,1020049.2,819720.6,877341.5,930897.4,1070835.7,1036036.1,1170911.2,1157367.8,1392977.3,1352791.7,1471181.1,1377601.6,1362438.8,1185372.2,1225322.6,1123986.9,2514850.4,722081.5,2354481.2,836556.7,2482731.0,,2.79
잠실7동,3756.2,4281.7,4121.6,4274.7,3016.8,4669.8,3402.3,3022.9,2964.1,4077.3,4866.6,4586.4,3356.8,5073.9,6107.8,4679.9,4993.6,5811.0,7417.6,7342.1,2629.1,9683.3,3822.3,7492.9,,0.6
잠실본동,151759.2,147103.1,161777.9,151622.3,147600.9,136263.8,120850.1,107099.8,95580.3,107453.9,90004.0,95607.8,89128.3,111090.9,109360.5,104704.2,114772.0,111236.9,109612.1,109000.6,36419.0,135773.5,54052.0,117737.7,1296.0,0.94
잠원동,92909.7,41143.0,40408.3,43338.5,32657.7,32143.9,32749.2,28621.7,23699.8,33296.0,30064.1,31138.1,36194.2,42238.6,45597.0,37215.7,35356.1,42686.1,41492.6,34774.4,13699.9,40208.2,16452.1,47568.0,400.0,1.76
장안1동,48104.3,49198.8,48717.7,43521.1,43833.5,43297.0,40677.4,39349.6,37588.8,44509.1,49361.3,53061.5,48186.7,61667.6,70845.6,71514.6,88107.8,82749.2,77496.5,79736.2,28223.4,86339.2,28765.6,80639.2,1681.0,1.25
장안2동,54095.9,53860.5,59640.6,56569.6,48335.0,51835.5,41227.9,38399.9,34040.7,46481.6,46465.4,51374.6,37330.7,48167.1,46608.0,45347.9,42625.6,45655.5,41724.8,40474.7,13524.6,40240.1,15482.5,40338.0,,1.09
장위1동,8770.9,9201.7,10611.0,10583.6,6819.3,6012.1,4777.6,4427.9,4251.9,7838.6,6340.9,9259.5,6027.8,12118.3,9492.8,6611.4,8277.6,8493.6,7330.5,8312.5,3665.2,9675.7,3070.2,8033.7,361.0,0.7
장위2동,19172.5,20394.1,20041.0,17484.8,7242.2,4505.0,6467.1,4753.0,3761.0,5322.7,4732.4,5091.7,5235.9,8704.4,8013.3,6540.5,6135.7,7812.8,9975.5,6973.8,1882.0,10232.4,2420.7,7810.8,,0.67
장위3동,7166.1,6440.5,2913.3,3884.1,4103.8,8089.1,5469.7,7282.3,6695.9,8393.6,7108.4,8224.6,6702.4,9949.4,10122.4,9181.7,9316.9,9833.7,9657.5,8770.8,2272.3,6671.1,2624.2,5349.8,,0.65
장지동,24317.0,26284.8,30292.9,22506.5,20681.6,23620.0,22288.0,24065.8,17847.8,25425.1,24071.1,18895.0,18342.2,24994.9,22194.8,19583.5,22401.6,29373.0,26300.7,22572.3,6785.5,26278.1,8041.1,21575.4,,1.37
장충동,14267.7,16996.3,13263.4,14944.4,3492.6,3032.2,16293.8,36907.6,43485.2,38415.1,24801.8,22640.4,13373.5,14567.6,10884.4,11141.8,12775.7,7451.5,3981.3,3963.9,1494.7,4632.9,2105.6,5368.2,1.0,1.36
전농1동,20519.6,22395.6,22070.2,23291.8,20047.5,19512.3,15360.0,14379.6,13805.7,16695.4,15981.2,17230.2,15535.0,23006.9,26055.6,23718.4,21446.1,23731.6,24364.9,20932.2,7001.2,22096.3,7719.3,19326.7,225.0,1.19
전농2동,13463.5,13281.1,10487.4,10315.8,10469.9,12312.0,13292.6,11124.3,11664.9,14001.4,15454.9,15497.9,16975.0,18112.1,18956.7,18338.6,18610.4,17816.2,17403.1,15996.8,5565.2,15654.8,6052.2,15996.2,,0.86
정릉1동,5667.8,5135.5,6778.1,6507.4,6951.8,5983.4,4836.7,5693.0,6211.1,7857.5,8030.5,7982.2,7631.5,7946.3,7788.4,7285.7,8737.3,8245.2,7411.1,5879.0,1975.5,8869.2,3465.8,11286.3,1156.0,0.44
정릉2동,11999.3,11202.7,11502.9,11427.4,11701.1,13553.5,12282.4,10864.0,11529.0,12708.0,13579.0,11525.2,11638.3,12699.7,11680.1,12204.4,13017.4,15663.4,15325.8,12430.5,5922.2,14737.4,7613.3,19288.3,,1.17
정릉3동,17235.8,14011.8,14933.1,13663.9,10449.1,11027.2,9241.5,8304.1,9796.0,9066.7,8501.8,7526.0,9857.7,10774.8,13804.9,9613.6,13191.1,12493.9,12124.7,10198.8,7067.1,8359.6,2365.9,8830.1,,3.71
정릉4동,11558.6,13704.0,13417.7,15269.6,10537.2,9928.9,8925.1,9133.6,9558.3,12831.9,13167.0,15595.1,11599.7,15046.4,22922.5,17930.5,15917.9,14693.0,13040.8,15339.9,5057.6,15997.0,4939.4,11971.7,,3.13
제기동,29277.6,30723.1,32200.4,30299.9,28721.2,26769.0,27942.7,26502.9,26823.3,32408.4,30839.4,35217.9,33031.9,36586.8,39009.8,36766.5,36393.2,36826.4,38400.1,36365.8,12104.6,37963.8,14084.3,29810.3,25.0,1.18
조원동,28425.8,29952.0,37405.0,38994.8,34013.7,35970.1,29562.3,30496.3,27267.4,35371.3,30647.9,31196.1,25896.0,34615.2,36150.3,33991.3,35898.0,35322.4,34344.4,33614.6,10791.8,39940.9,15000.2,35629.1,,0.67
종로1?2?3?4가동,1352075.3,1165952.4,1325603.4,1197633.5,955386.6,11899460.6,13046504.4,14664522.2,15266867.3,15576525.3,16263924.5,17654331.1,15530202.6,14075777.5,12654133.8,12006576.7,11869547.6,12655652.7,12448746.1,1178743.0,419981.0,1082009.2,463903.8,1053091.9,,
종로5?6가동,92789.5,98079.3,81141.6,122159.8,72092.7,84106.4,77571.2,101160.2,78506.3,100043.8,74853.1,114579.7,96880.2,120347.5,99109.7,127656.6,110262.5,117615.6,92337.0,129013.2,36803.9,122947.7,37499.5,167411.3,,
종암동,34643.2,37319.0,39306.8,35737.3,30792.3,32249.7,28188.3,28696.2,27687.4,33279.7,32245.6,32244.5,29740.4,34513.7,38019.2,34834.0,36679.3,37005.1,36410.7,38709.8,12250.0,37137.4,13408.9,39254.8,81.0,1.46
중계1동,26371.1,30375.1,28201.4,31124.9,26385.8,30095.9,20674.9,26703.5,25403.0,32431.5,26806.6,37145.8,31398.1,36386.9,34470.0,37397.9,36103.7,32881.4,30215.9,34747.7,8682.7,30176.3,10639.6,30927.2,,0.63
중계2?3동,68673.9,62079.3,66943.2,61586.1,52387.6,38051.3,42360.0,37814.3,30044.1,27338.7,31132.4,30687.0,29832.6,38978.5,44139.9,37000.1,44102.3,39787.4,41342.1,40288.1,15330.7,39194.9,18640.4,39598.4,,
중계4동,15029.6,14007.4,15594.1,16236.7,15329.0,14026.9,10511.5,10970.2,11353.2,17950.4,17567.9,17151.1,17114.9,17715.5,18586.0,17047.2,19928.3,19981.3,21641.4,22295.5,7704.4,23800.3,7810.3,26916.8,5625.0,1.7
중계본동,41326.5,37076.0,38738.6,32996.1,38286.5,35046.4,30268.1,25327.6,33001.7,29348.6,32348.8,28490.3,30747.2,28009.4,37721.6,31132.2,36747.6,30334.1,35165.9,30613.4,12984.6,35422.5,15902.1,31882.1,841.0,1.97
중곡1동,21860.8,30130.0,28805.8,27734.4,21389.7,25737.3,20367.5,24612.6,18825.3,19186.5,16632.6,15092.0,18306.1,22943.2,20346.8,17929.9,18029.2,20505.4,16729.5,18314.6,8030.8,26795.2,9150.5,23967.0,1089.0,0.62
중곡2동,25353.7,30752.5,28295.2,30322.9,23329.5,28810.3,22663.3,22909.3,22942.0,33177.6,25028.2,33451.3,31667.4,40474.9,35445.4,36208.8,34181.4,38351.1,29018.9,32452.8,10561.9,36837.5,11646.0,30428.5,,0.55
중곡3동,10531.5,12321.0,13810.4,13190.8,12005.5,13003.0,10012.9,10220.1,10136.2,11703.6,9441.5,11206.2,11328.7,11707.4,10903.2,11905.0,12953.6,13898.1,12830.7,13593.7,4095.5,14117.0,4520.8,11454.0,,0.6
중곡4동,18280.6,23813.2,18941.6,23782.6,21293.5,20620.1,16293.7,20563.0,17568.5,22718.9,17501.9,22362.3,21813.8,26616.4,24014.0,27055.6,24958.0,28286.5,21636.7,26320.6,9743.5,28815.3,10212.3,27181.0,,2.32
중림동,15841.7,15383.3,17802.6,16068.4,15314.0,14554.6,28839.8,36768.2,31364.7,39697.3,37870.2,52320.8,38870.7,48203.2,46876.3,66231.8,61146.1,58559.8,56364.9,64080.0,18684.4,73790.6,21238.6,79396.5,9.0,0.48
중앙동,37355.1,37616.2,37329.8,39488.1,28238.8,22845.0,23660.8,23463.8,25802.8,34421.0,29779.7,28577.8,29934.6,31653.5,31274.4,29403.8,34236.8,31423.6,32387.4,28217.4,11518.0,30810.5,12368.0,25797.5,,0.39
중화1동,3184.1,5449.4,4990.3,5273.4,4651.4,6162.1,4826.3,4722.5,4578.0,5582.9,6986.3,6595.7,6903.4,9186.4,8029.5,8048.7,8237.4,9279.4,5647.9,4692.7,1887.4,5742.0,2074.8,3644.4,121.0,0.64
중화2동,48825.6,55525.3,53837.0,54126.5,51211.3,53574.5,49397.4,52343.8,48058.2,52244.3,49954.1,29718.9,28223.3,39317.9,31538.0,32053.1,39170.7,36842.2,29246.4,31071.9,11319.6,37636.0,11662.5,35426.5,,1.01
증산동,11355.9,10819.2,14261.3,10326.0,10468.4,10972.8,10208.9,9695.8,9616.6,13816.8,13110.3,13122.3,9862.9,17871.6,21677.5,15285.3,18159.0,18101.7,15047.1,13818.4,4715.5,14029.0,6116.7,14134.0,64.0,0.81
진관동,40661.6,47917.2,50837.0,63437.6,45757.9,57147.4,48175.5,52080.5,51702.7,69826.7,67820.2,79406.2,64231.6,85587.6,74487.9,83818.4,71121.2,85029.4,75819.2,82923.0,26573.0,81307.8,26631.4,85096.1,289.0,11.53
창1동,9339.9,11548.8,11798.7,13828.6,13503.5,14287.9,14608.4,11379.2,12596.2,17837.3,15605.8,15836.9,14594.5,15644.3,15528.2,15508.4,19612.8,20358.5,19516.8,19196.8,8035.4,20719.6,6793.3,20181.0,1764.0,0.88
창2동,19362.3,18846.8,20733.4,18876.0,15923.0,15905.1,13929.8,12796.0,15303.6,15937.7,19512.1,16898.1,14765.6,19100.0,23490.2,18847.7,22337.7,23317.7,25657.3,24152.7,9994.3,25960.9,8923.4,18832.5,,1.05
창3동,6059.5,5825.9,7005.0,5721.5,5896.2,6086.6,5360.8,5418.3,5613.1,6138.1,5535.5,5810.2,5636.0,8010.0,8529.1,7315.6,8562.1,8426.4,7649.6,6868.3,1796.1,6121.6,1898.8,6864.9,,0.67
창4동,13019.4,13804.8,12745.9,12852.6,11130.8,10464.0,9782.8,8945.9,10996.4,15114.8,14217.2,15897.6,15331.2,16970.4,18760.4,17338.5,16638.6,16309.4,17664.1,15900.1,4907.8,15265.9,6000.1,18189.9,,0.95
창5동,31715.9,37182.3,39446.5,33610.5,37771.9,35551.0,37421.0,32933.3,30764.2,40921.3,41679.0,37605.1,32114.8,48390.4,46922.2,37790.4,38467.3,40793.8,45901.4,36646.2,13495.4,39721.9,13645.9,33354.2,,0.7
창신1동,30763.2,35891.4,30837.0,36589.2,24005.5,36306.3,21710.3,30302.9,23946.8,28909.7,30093.0,34037.6,29125.0,39370.7,30423.7,32662.5,29854.1,34487.4,24680.9,31382.3,9298.0,33929.9,9404.3,36041.5,64.0,0.31
창신2동,3251.3,3891.3,3520.3,4012.3,2102.3,4195.4,2529.1,3020.7,2093.2,3393.1,2394.1,3859.6,2273.3,4153.3,3197.7,3859.6,3279.7,3720.5,2578.4,3707.5,879.7,4125.3,1129.6,3368.7,,0.26
창신3동,1209.0,860.6,623.4,1703.1,491.7,1123.4,4411.3,6294.6,8815.4,10188.3,8419.3,6594.7,8202.2,9532.4,7434.9,4909.2,5237.6,6634.1,6260.7,5880.0,2374.1,4608.3,1065.4,3293.6,,0.23
천연동,8638.7,9538.1,8067.7,10187.2,8245.3,7544.3,6036.2,6595.6,6725.2,8690.3,7435.4,8643.3,7245.2,9224.2,8440.3,8495.8,8463.8,11341.2,10429.6,11696.0,3793.1,13826.1,4353.0,12152.2,16.0,0.97
천호1동,34942.5,38758.4,39887.6,40274.2,27537.1,30964.1,54166.7,56064.0,37684.8,33725.7,32401.7,35857.0,30288.1,44571.9,44281.3,41159.5,39777.1,42308.2,37038.7,34702.4,12417.3,36898.8,13007.3,28596.3,1764.0,0.71
천호2동,8865980.6,8789507.8,8392645.2,8558742.7,8664492.4,9056880.0,8458053.3,8919978.8,8992296.1,8296961.6,7278827.6,7932849.1,8420822.1,7291682.9,6744144.0,5584361.6,6849008.4,6552269.8,5993375.9,6242769.7,1728197.2,6064783.3,2312819.2,5678610.4,,1.57
천호3동,20845.9,20456.7,24620.4,22647.6,23042.0,20719.8,18314.9,17104.4,15992.2,20034.5,20665.1,24361.9,23585.3,27854.9,27916.7,26803.8,28772.5,26105.6,27370.6,27798.0,9949.2,34548.0,12182.0,37489.5,,0.79
청구동,6310.8,5201.6,7666.1,5357.2,5317.4,4881.9,3354.6,4050.4,4403.6,3835.9,4393.8,4885.2,4602.0,6027.4,6395.5,5344.9,6940.9,7349.8,7195.5,7038.4,2021.2,10081.0,4119.9,8061.1,,0.34
청담동,199314.0,207753.2,216183.5,275753.0,164012.8,188032.4,264742.0,289360.1,268208.8,312064.4,303849.8,381447.0,344408.5,411399.3,421905.1,422574.5,407687.3,414127.7,396847.2,352166.9,76028.4,206419.0,63044.5,163229.2,784.0,2.33
청량리동,23550.6,22729.5,23028.6,21516.3,17218.1,17200.1,15272.3,14783.6,13607.3,17969.2,17556.6,19212.3,16048.4,22612.3,18419.2,21288.3,20633.1,24392.9,18923.8,24545.0,7642.9,26254.2,8440.5,27824.0,121.0,1.2
청룡동,73135.2,78677.8,85292.7,79389.1,64550.6,60121.7,52512.8,51548.2,51078.3,69077.7,61596.0,73577.9,67947.6,85326.3,87035.7,76933.5,80138.2,76308.3,78141.4,73001.1,22989.1,73184.7,24524.0,64461.7,,1.18
청림동,6653.6,5889.6,8528.4,10178.9,7127.7,9301.9,8243.9,5916.0,6609.1,7873.0,7809.6,7943.9,6904.2,9455.1,10244.9,9753.1,12267.7,11654.1,10894.8,9018.0,3400.4,12282.8,4331.6,12254.6,,0.3
청운효자동,33179.3,30758.3,50722.9,28242.5,33345.5,24252.0,45413.2,25992.1,38453.1,23201.0,48172.2,34550.5,47521.3,41431.9,23951.0,13356.9,17127.9,11585.9,10039.1,9743.3,3707.8,10960.4,2579.7,9363.2,16.0,2.57
청파동,23189.6,26120.2,25958.1,23725.8,21487.8,23316.9,21055.2,16507.2,17958.9,22127.9,20077.5,19041.1,17577.6,21299.7,21434.7,18931.4,21326.4,27275.8,22839.6,19527.5,7891.3,25635.7,8774.8,23631.9,36.0,0.91
충현동,29544.0,31191.1,37148.3,35290.3,25694.6,27290.7,27616.4,24304.5,28224.7,35472.9,31245.5,36267.4,32451.0,38811.9,41549.1,41774.8,41315.4,43842.8,53676.7,45108.3,13648.9,52825.3,23088.5,51695.0,,1.12
평창동,13436.1,15523.5,17997.9,15211.3,16956.1,16128.4,14586.3,16329.4,13064.7,16230.5,12922.5,18133.2,14700.3,18857.1,17804.6,13001.0,13922.6,16702.5,13925.8,15727.3,4966.6,19457.7,6416.0,15736.5,9.0,8.87
풍납1동,4709.8,4998.6,8496.2,5095.9,4097.2,4261.6,3737.4,6207.1,5514.6,5783.1,7535.3,7522.3,7974.0,8290.2,8937.9,6624.1,7007.2,6319.7,7888.2,6766.4,2394.1,7843.3,2750.4,6618.0,121.0,0.77
풍납2동,27059.0,28709.8,30821.5,31821.3,28700.2,21214.3,18059.4,17126.4,17935.5,14020.6,14787.3,15599.8,17734.2,21498.3,27296.4,24922.1,26326.2,30329.8,32969.6,29314.7,11663.6,34890.1,13248.0,36977.6,,1.59
필동,42090.8,41524.5,43981.9,50542.4,28579.4,15970.9,17847.2,15667.8,17321.2,18713.2,21341.1,28059.4,27752.6,28840.8,31742.9,28407.3,40627.2,52212.4,56570.1,42823.7,17597.3,45153.2,16868.1,34151.6,64.0,1.14
하계1동,9633.8,12627.6,16076.3,13914.1,10063.2,8974.5,7847.4,9456.7,9946.0,13691.0,13130.0,17329.5,13358.0,16745.4,19822.0,17415.0,22382.4,27577.3,36218.9,30664.2,10457.0,32185.3,12040.0,29962.2,121.0,1.55
하계2동,4381.0,4761.0,4663.4,2745.8,1587.1,1159.7,692.9,534.3,445.7,582.4,751.1,481.0,995.4,1397.6,1104.1,1204.6,946.0,1864.8,2086.3,3261.4,1891.1,4195.4,1274.9,5390.2,,0.51
한강로동,476869.9,595434.5,465113.6,479228.7,303193.2,215584.6,225440.7,209233.2,213507.5,527580.3,421176.1,214153.6,200471.3,249604.6,282242.4,331093.3,401976.0,446856.6,491737.3,520816.9,152970.7,521045.4,198737.1,572449.0,100.0,2.9
한남동,138249.3,170603.8,179181.7,181289.5,138792.0,181615.8,204364.4,216164.5,183385.5,252037.0,256360.1,291406.9,249331.6,281888.3,290998.1,309828.7,244563.2,212048.9,240709.1,233475.2,54650.7,173018.0,61248.2,206653.5,225.0,3.01
합정동,47134.9,47523.7,51969.7,49479.2,40453.0,58069.1,73401.3,86140.3,91007.0,90963.6,87556.7,77597.3,73003.2,71689.6,72542.1,71138.8,75414.2,74430.7,79881.5,80545.6,35691.0,91647.5,28393.9,77263.6,256.0,1.69
항동,655.3,54.4,521.0,231.8,559.9,676.1,355.2,396.5,936.1,1070.2,1285.7,1578.1,1371.9,2708.6,2575.2,1480.7,2348.8,2614.1,1963.9,2549.7,1184.6,3975.7,1496.2,3573.2,25.0,1.4
행당1동,89282.3,88732.0,99279.4,79854.6,65454.6,56016.3,50991.5,47039.9,43090.3,53145.1,52695.0,53950.1,50364.2,64876.2,59628.5,45392.8,55062.3,55358.1,53365.9,52933.5,21053.7,56822.3,23562.7,51750.7,,0.59
행당2동,16148.5,12523.2,13609.7,11859.8,11463.8,12844.5,12333.7,7457.2,8188.8,15659.3,9524.7,12267.0,11016.3,10721.2,12256.0,10436.9,10669.8,14509.6,14513.3,11014.6,7023.7,21313.7,8245.6,18732.3,,0.42
행운동,27718.2,29723.8,30906.8,34589.4,29884.5,33648.7,24735.3,24959.1,24768.1,31203.8,24705.8,22827.7,22358.2,29360.1,32788.3,29793.1,34890.4,34716.9,30600.5,31136.9,11145.9,32587.6,10705.6,30828.1,,0.72
혜화동,56592.3,54135.6,56590.0,50752.6,35180.9,31213.5,30206.4,29219.2,32413.9,39267.6,34932.4,43759.9,45306.7,49123.1,48655.2,48171.9,62385.3,58658.8,63247.2,60352.8,24120.1,69777.4,24341.7,66031.6,81.0,1.12
홍은1동,10505.1,11415.6,13174.2,13148.3,10931.3,3214.1,3830.5,2737.6,4832.0,5661.4,6170.0,7431.4,6165.7,11534.8,7180.5,5858.0,7826.2,9134.4,10806.5,10990.8,3905.7,11590.8,5061.9,10119.8,196.0,1.58
홍은2동,42123.1,36645.1,40798.2,62602.1,34875.3,24546.2,19497.4,23960.8,31769.1,15362.9,17222.6,23498.9,14154.8,26169.1,25075.0,24675.9,25047.3,26809.0,24943.7,26836.5,8083.5,22909.5,8631.3,27166.0,,2.06
홍제1동,10102.5,11617.0,12072.5,11534.8,10985.6,14552.1,11842.8,9714.3,11034.7,16412.2,12617.2,11782.4,13183.1,15971.3,16444.7,16535.1,18622.6,16580.0,17636.5,15850.6,5795.1,19325.3,5123.1,13971.1,529.0,1.23
홍제2동,9781.3,8847.0,11270.3,10311.5,8568.2,6762.6,5925.1,5703.2,5988.6,8038.1,7577.2,6889.1,6528.8,7481.1,9067.7,7708.0,9175.3,7767.4,8307.6,7475.3,2358.5,7939.5,3124.3,7571.7,,1.05
홍제3동,9451.1,10498.3,9658.2,9433.1,9378.6,9220.7,6736.9,8021.0,5897.6,8452.9,6291.9,8349.4,7026.0,8440.7,9019.9,7598.6,8989.7,11668.3,12060.9,12629.2,5869.9,15018.1,5520.6,14124.9,,0.81
화곡1동,83529.9,84493.5,83383.9,81805.5,77916.1,78346.6,76053.5,70354.1,72911.9,88324.7,93760.6,90285.8,80495.6,98930.2,108080.6,94416.0,102372.0,105668.1,102063.8,101495.4,34659.1,99278.7,36338.6,79768.4,4761.0,1.12
화곡2동,11244.2,11579.9,12297.3,10943.8,11777.0,11431.8,10327.9,11291.5,8908.8,11227.3,10166.7,10500.3,10343.4,10712.6,11542.4,12582.8,10456.2,12328.8,12566.9,11909.8,4191.8,11325.8,4204.8,19799.1,,0.45
화곡3동,37128.6,35788.2,37550.5,35004.5,31637.5,31682.9,26990.3,24022.0,24691.5,35004.4,29783.2,29701.7,28130.5,32248.7,26983.2,26491.1,31532.1,38113.7,33225.1,30186.4,10535.3,31146.6,13758.4,35231.3,,0.53
화곡4동,25054.2,27339.3,32156.4,32716.4,33577.8,35466.6,32154.6,33777.7,32129.7,34356.1,34783.5,32365.4,31354.7,33481.9,32718.9,33381.2,32633.7,35457.4,33862.7,38124.4,11307.2,37621.5,14035.7,38265.1,,0.82
화곡6동,36777.1,35050.0,38135.6,34737.5,31140.3,28970.0,41112.6,35188.2,31313.9,45813.5,42121.1,46526.9,43161.2,52027.4,60989.1,54270.5,59242.0,58935.1,58400.4,49823.8,18868.5,55974.6,20348.4,48300.0,,1.11
화곡8동,20898.0,23474.1,20612.4,22413.7,18900.9,21906.9,14907.8,15012.3,12100.4,14591.6,15701.1,17749.0,17736.0,18740.1,19031.4,14611.5,16818.7,18188.5,19533.6,20077.5,5716.0,21035.3,6878.4,23633.6,,0.53
화곡본동,22604.3,23829.5,23576.7,22900.8,22232.7,22217.4,17239.2,15582.6,16236.8,17860.0,16957.2,18320.3,16805.5,21343.7,22994.9,21542.0,22006.6,24567.5,24870.9,21215.9,6529.9,25076.7,8479.0,20698.7,,0.98
화양동,123138.5,122214.4,130161.1,131993.8,103985.3,91873.1,83819.2,72250.8,66188.7,80290.4,75897.8,86413.2,88880.0,113368.4,120571.5,109830.6,122407.0,118107.8,119096.1,108726.4,41712.9,116114.4,48544.4,136432.8,121.0,1.16
황학동,17993.9,22041.0,22200.8,21109.3,19494.0,26158.1,22919.1,19802.5,23636.3,29189.2,31644.3,33755.4,27203.4,35250.3,31946.9,28979.2,31488.5,33394.3,31628.3,33794.8,14324.5,42659.5,14652.7,37378.8,16.0,0.33
회기동,36700.9,30323.3,34599.1,29019.8,21291.8,21061.9,17965.7,15330.8,20320.8,24857.2,25632.4,25947.6,30115.1,39354.0,40549.7,41007.0,47391.8,44921.0,41357.8,40548.5,20402.2,42908.3,13442.5,36919.3,25.0,0.76
회현동,24840892.0,23795824.3,26171354.4,29293315.0,29485992.6,19454640.4,17070658.3,19378436.5,17490036.4,17011086.7,17363479.7,20428119.9,15267288.2,14731546.6,12694120.7,15166136.1,11870846.8,10365178.2,9287342.7,11049675.3,2428948.5,6824664.4,2522652.4,5307046.1,144.0,0.84
효창동,5747.6,6618.2,7262.1,8126.6,4519.6,6966.1,5166.4,4298.1,4850.0,5933.8,5168.4,5137.8,5785.5,7573.4,9012.7,7440.1,7571.7,7024.7,7505.1,4706.2,2021.5,5735.5,1384.6,3977.3,4.0,0.44
후암동,3234.9,3145.8,3577.2,3578.3,5075.8,17677.6,12930.8,12147.6,14079.5,13907.2,14731.7,14445.0,13798.6,14956.9,15412.7,14553.7,15631.0,15020.5,15449.0,14838.2,2280.7,7518.6,3295.8,6704.8,16.0,0.86
휘경1동,19841.7,17889.2,16620.1,16791.3,14988.0,13030.4,11705.8,10332.0,11210.8,14953.0,14041.5,18977.7,18620.2,19251.0,20754.5,26723.1,30261.2,29192.9,30359.8,27163.8,10112.8,28275.6,8734.3,27547.5,49.0,0.63
휘경2동,10747.5,11883.8,11683.4,13491.4,13793.7,12149.3,11239.8,21211.2,19423.0,25005.8,23544.2,22364.3,23366.5,24004.4,25890.8,25745.5,26105.2,27393.7,29666.3,25923.0,8686.9,28600.8,10569.3,29147.7,,1.05
흑석동,36972.5,36268.6,40111.6,42333.2,27426.6,24066.4,24828.3,22619.0,19897.0,26370.0,24146.2,28165.2,27846.9,33985.2,36301.8,33343.9,34975.7,40422.3,35225.8,35399.2,11161.3,34752.9,14065.4,29782.1,49.0,1.68
